股票代码,所属行业
4019,制造业
4213,制造业
8166,制造业
9063,批发和零售业
10083,信息传输、软件和信息技术服务业
10375,制造业
11737,制造业
12009,制造业
14450,制造业
15541,制造业
15617,建筑业
16479,制造业
16842,制造业
16916,制造业
17119,制造业
17663,房地产业
18545,制造业
18909,制造业
19068,交通运输、仓储和邮政业
21990,交通运输、仓储和邮政业
22933,制造业
23374,制造业
24973,制造业
26162,制造业
28956,制造业
29690,制造业
31035,制造业
34130,信息传输、软件和信息技术服务业
38184,信息传输、软件和信息技术服务业
38567,制造业
40307,制造业
42805,批发和零售业
42991,信息传输、软件和信息技术服务业
43064,制造业
43817,交通运输、仓储和邮政业
44578,制造业
46234,制造业
48259,制造业
48653,制造业
49001,采矿业
50357,制造业
51412,制造业
57559,房地产业
59849,制造业
60127,制造业
61094,金融业
61598,制造业
61926,制造业
62331,建筑业
66130,制造业
66252,农、林、牧、渔业
70490,房地产业
73338,制造业
73662,信息传输、软件和信息技术服务业
73724,金融业
75332,制造业
75645,制造业
76021,制造业
78535,制造业
79499,制造业
79573,金融业
79858,制造业
80746,制造业
81307,建筑业
81575,制造业
82409,教育
83621,农、林、牧、渔业
83794,制造业
84271,信息传输、软件和信息技术服务业
84874,金融业
85820,制造业
85904,建筑业
86707,信息传输、软件和信息技术服务业
87157,制造业
89435,信息传输、软件和信息技术服务业
90125,制造业
90562,批发和零售业
91172,制造业
93932,制造业
94541,制造业
97182,制造业
97965,制造业
98122,电力、热力、燃气及水生产和供应业
101097,制造业
101104,制造业
101337,制造业
104072,制造业
104246,信息传输、软件和信息技术服务业
104549,制造业
105671,制造业
105904,制造业
106527,制造业
106869,制造业
108723,制造业
110297,制造业
110322,制造业
110930,制造业
110980,金融业
113472,制造业
114023,制造业
117639,制造业
118731,信息传输、软件和信息技术服务业
119796,教育
120846,信息传输、软件和信息技术服务业
123968,制造业
124250,制造业
126057,制造业
127439,信息传输、软件和信息技术服务业
129401,制造业
129641,文化、体育和娱乐业
130119,信息传输、软件和信息技术服务业
131509,制造业
131628,制造业
132269,制造业
132908,制造业
133201,制造业
134019,卫生和社会工作
135231,制造业
135402,水利、环境和公共设施管理业
136109,信息传输、软件和信息技术服务业
139337,制造业
141151,制造业
141318,制造业
145779,金融业
146743,电力、热力、燃气及水生产和供应业
149266,批发和零售业
149322,制造业
149536,批发和零售业
150461,制造业
151160,制造业
151387,科学研究和技术服务业
151683,金融业
152199,制造业
153891,制造业
153899,制造业
155039,制造业
155465,制造业
155545,制造业
155864,制造业
156252,租赁和商务服务业
156371,制造业
157110,金融业
158309,制造业
161107,制造业
162606,信息传输、软件和信息技术服务业
164857,制造业
165474,制造业
165939,制造业
166534,制造业
166659,制造业
166884,农、林、牧、渔业
167355,制造业
168917,制造业
169426,文化、体育和娱乐业
170662,制造业
170884,制造业
170984,制造业
171794,批发和零售业
172332,批发和零售业
175529,信息传输、软件和信息技术服务业
175819,制造业
179199,制造业
179218,制造业
179251,制造业
179966,制造业
182705,科学研究和技术服务业
186585,制造业
186737,制造业
186893,制造业
188495,制造业
189771,制造业
190745,金融业
191292,批发和零售业
192356,制造业
193197,信息传输、软件和信息技术服务业
194125,制造业
195183,金融业
195519,制造业
197856,制造业
198262,制造业
198487,制造业
198539,制造业
199622,制造业
200616,制造业
201470,制造业
205095,制造业
207834,农、林、牧、渔业
208480,建筑业
209181,制造业
209301,制造业
212845,制造业
213383,采矿业
214798,信息传输、软件和信息技术服务业
215505,电力、热力、燃气及水生产和供应业
216714,制造业
217951,制造业
218949,交通运输、仓储和邮政业
220368,交通运输、仓储和邮政业
220690,制造业
221075,制造业
221324,制造业
221893,制造业
222245,采矿业
223571,房地产业
225265,制造业
226300,交通运输、仓储和邮政业
230192,制造业
230260,房地产业
232852,综合
236013,信息传输、软件和信息技术服务业
236761,制造业
236815,制造业
240886,房地产业
242262,信息传输、软件和信息技术服务业
243988,建筑业
244428,制造业
245896,文化、体育和娱乐业
246603,制造业
249234,信息传输、软件和信息技术服务业
249614,房地产业
254635,电力、热力、燃气及水生产和供应业
255167,制造业
258210,制造业
259952,建筑业
264206,制造业
265177,制造业
266006,制造业
266394,信息传输、软件和信息技术服务业
266742,制造业
266963,信息传输、软件和信息技术服务业
267074,制造业
267427,制造业
267933,水利、环境和公共设施管理业
272950,制造业
273650,水利、环境和公共设施管理业
273854,制造业
274606,采矿业
275068,制造业
275701,制造业
276538,制造业
276806,电力、热力、燃气及水生产和供应业
277077,制造业
278968,制造业
279167,水利、环境和公共设施管理业
279363,制造业
282205,制造业
282935,制造业
283836,采矿业
284358,制造业
286833,制造业
286880,信息传输、软件和信息技术服务业
287039,制造业
287574,制造业
288621,制造业
289182,科学研究和技术服务业
292008,制造业
294006,金融业
294814,信息传输、软件和信息技术服务业
295377,制造业
297427,制造业
297926,农、林、牧、渔业
298124,房地产业
300111,制造业
301092,批发和零售业
302307,制造业
303193,制造业
303370,制造业
305202,制造业
306498,制造业
307111,信息传输、软件和信息技术服务业
307724,制造业
307751,科学研究和技术服务业
308594,制造业
311190,批发和零售业
312467,制造业
312872,信息传输、软件和信息技术服务业
313420,制造业
313817,制造业
313819,制造业
314022,制造业
315165,制造业
315965,金融业
316109,制造业
316520,信息传输、软件和信息技术服务业
316930,制造业
318703,制造业
319145,金融业
319384,制造业
321583,制造业
324540,制造业
325632,制造业
325727,信息传输、软件和信息技术服务业
326314,制造业
328651,制造业
329681,制造业
329931,金融业
329938,建筑业
332748,制造业
334688,电力、热力、燃气及水生产和供应业
339475,采矿业
340565,制造业
341099,制造业
341651,制造业
341952,制造业
342901,制造业
345148,制造业
345524,制造业
346289,金融业
346504,金融业
346720,制造业
346754,制造业
346816,水利、环境和公共设施管理业
347960,金融业
349490,建筑业
349646,制造业
349920,制造业
350818,批发和零售业
350900,电力、热力、燃气及水生产和供应业
351390,制造业
351925,制造业
355600,制造业
356074,住宿和餐饮业
356793,制造业
356795,信息传输、软件和信息技术服务业
357070,水利、环境和公共设施管理业
358828,制造业
358853,制造业
359347,电力、热力、燃气及水生产和供应业
360754,金融业
361844,制造业
362724,制造业
362828,交通运输、仓储和邮政业
364232,制造业
364305,建筑业
366283,制造业
368976,制造业
369154,制造业
370059,制造业
371889,制造业
372284,制造业
374375,制造业
376089,制造业
376577,建筑业
376775,信息传输、软件和信息技术服务业
377634,制造业
378957,制造业
380568,批发和零售业
380931,制造业
381760,制造业
382304,制造业
382733,金融业
383406,文化、体育和娱乐业
383565,制造业
384975,制造业
385210,房地产业
386146,信息传输、软件和信息技术服务业
387292,制造业
389141,信息传输、软件和信息技术服务业
389880,制造业
390023,制造业
390627,批发和零售业
393115,制造业
393847,制造业
394067,信息传输、软件和信息技术服务业
394111,制造业
395664,制造业
399217,制造业
399309,制造业
399416,制造业
399638,制造业
399769,制造业
402041,制造业
403156,信息传输、软件和信息技术服务业
403833,交通运输、仓储和邮政业
404174,制造业
405699,制造业
407079,制造业
407340,制造业
411601,制造业
412782,采矿业
412869,制造业
413331,制造业
413459,制造业
413764,制造业
414323,租赁和商务服务业
414420,制造业
416037,制造业
417571,科学研究和技术服务业
419467,制造业
419937,租赁和商务服务业
421117,信息传输、软件和信息技术服务业
422647,制造业
423858,制造业
423935,制造业
423981,制造业
424925,水利、环境和公共设施管理业
425116,金融业
426125,信息传输、软件和信息技术服务业
426798,金融业
428260,电力、热力、燃气及水生产和供应业
430977,制造业
431111,信息传输、软件和信息技术服务业
431877,制造业
432167,制造业
433346,制造业
433522,制造业
433687,制造业
434178,制造业
435510,信息传输、软件和信息技术服务业
441962,制造业
442451,制造业
442497,金融业
444556,制造业
446004,制造业
449715,制造业
449726,制造业
450100,制造业
450788,制造业
451129,制造业
452506,制造业
453498,交通运输、仓储和邮政业
454364,制造业
455179,制造业
456136,制造业
456184,制造业
457135,制造业
457147,制造业
457700,制造业
457972,建筑业
458208,制造业
458331,制造业
460197,信息传输、软件和信息技术服务业
461623,制造业
465063,信息传输、软件和信息技术服务业
465130,交通运输、仓储和邮政业
467739,制造业
470630,制造业
470783,房地产业
471449,制造业
471999,制造业
472332,制造业
472989,制造业
474887,制造业
475669,制造业
476331,制造业
477040,制造业
480048,信息传输、软件和信息技术服务业
482475,房地产业
485636,制造业
488575,房地产业
491001,电力、热力、燃气及水生产和供应业
491785,制造业
497752,制造业
498685,制造业
499053,制造业
499153,制造业
499981,制造业
500226,建筑业
500838,制造业
501557,信息传输、软件和信息技术服务业
503333,制造业
504108,交通运输、仓储和邮政业
506720,信息传输、软件和信息技术服务业
507086,制造业
511058,租赁和商务服务业
511361,制造业
511466,批发和零售业
511994,信息传输、软件和信息技术服务业
512872,房地产业
513240,制造业
514041,制造业
514380,制造业
514404,信息传输、软件和信息技术服务业
514791,制造业
515057,交通运输、仓储和邮政业
518127,批发和零售业
518886,制造业
523912,制造业
525671,制造业
525963,制造业
527946,制造业
528269,制造业
530142,采矿业
531931,制造业
532119,信息传输、软件和信息技术服务业
533141,制造业
535187,制造业
535245,制造业
536472,文化、体育和娱乐业
537824,房地产业
539025,制造业
541225,制造业
541927,制造业
543893,制造业
545184,水利、环境和公共设施管理业
545631,制造业
546563,制造业
548171,信息传输、软件和信息技术服务业
548401,批发和零售业
548784,制造业
551401,制造业
551474,制造业
552886,金融业
553215,制造业
553351,制造业
555697,制造业
556698,制造业
561954,房地产业
562194,制造业
562244,制造业
562252,制造业
562394,金融业
564211,制造业
564553,建筑业
564742,制造业
565306,制造业
566071,制造业
566681,制造业
567337,制造业
568212,制造业
569860,制造业
570738,制造业
573570,信息传输、软件和信息技术服务业
575533,建筑业
575615,制造业
576975,信息传输、软件和信息技术服务业
579796,制造业
580223,批发和零售业
580788,金融业
582720,电力、热力、燃气及水生产和供应业
583371,制造业
584231,金融业
586638,制造业
586830,制造业
592512,制造业
594883,制造业
595149,制造业
595703,制造业
596585,制造业
597339,建筑业
597927,制造业
599725,制造业
600597,信息传输、软件和信息技术服务业
600838,制造业
600876,制造业
601185,制造业
601253,制造业
602385,制造业
603420,信息传输、软件和信息技术服务业
606309,制造业
606752,制造业
607310,制造业
610185,制造业
612403,制造业
612944,制造业
613048,制造业
617061,批发和零售业
618786,制造业
619398,科学研究和技术服务业
619844,制造业
620668,租赁和商务服务业
620914,制造业
621891,交通运输、仓储和邮政业
622261,制造业
624528,制造业
624859,制造业
628392,金融业
628443,金融业
630294,制造业
630818,电力、热力、燃气及水生产和供应业
632122,建筑业
634680,制造业
635943,制造业
637281,制造业
638139,制造业
639191,房地产业
640060,水利、环境和公共设施管理业
641851,制造业
643668,制造业
644255,制造业
645611,制造业
647294,制造业
649517,水利、环境和公共设施管理业
651721,建筑业
655040,电力、热力、燃气及水生产和供应业
657210,制造业
657368,制造业
657586,农、林、牧、渔业
658128,水利、环境和公共设施管理业
658680,制造业
659060,文化、体育和娱乐业
660789,制造业
663849,信息传输、软件和信息技术服务业
664921,信息传输、软件和信息技术服务业
667428,制造业
668840,制造业
670260,交通运输、仓储和邮政业
670897,制造业
671897,制造业
672437,房地产业
672970,电力、热力、燃气及水生产和供应业
674252,制造业
674330,制造业
674515,制造业
674518,制造业
675928,房地产业
676037,制造业
684655,制造业
684783,制造业
686427,文化、体育和娱乐业
690093,制造业
690820,信息传输、软件和信息技术服务业
693050,制造业
693604,批发和零售业
694793,电力、热力、燃气及水生产和供应业
694894,制造业
697453,农、林、牧、渔业
701146,制造业
701615,制造业
703668,房地产业
707993,批发和零售业
708320,制造业
709182,制造业
710714,制造业
710728,制造业
711151,制造业
711739,金融业
712794,制造业
718470,采矿业
718478,制造业
721454,制造业
721731,批发和零售业
722904,金融业
723151,文化、体育和娱乐业
723467,制造业
724809,文化、体育和娱乐业
725435,制造业
725938,制造业
728224,制造业
728316,制造业
728586,制造业
729418,制造业
730493,制造业
730636,科学研究和技术服务业
731199,信息传输、软件和信息技术服务业
733232,制造业
734112,制造业
734500,制造业
734861,房地产业
735129,批发和零售业
737584,交通运输、仓储和邮政业
738195,制造业
738999,制造业
739214,建筑业
743895,制造业
744590,制造业
746992,制造业
747572,建筑业
747854,制造业
750803,制造业
750957,制造业
754448,制造业
759076,电力、热力、燃气及水生产和供应业
759602,批发和零售业
760183,制造业
760361,制造业
760383,制造业
761905,水利、环境和公共设施管理业
762924,制造业
764130,信息传输、软件和信息技术服务业
767054,制造业
768938,制造业
769415,水利、环境和公共设施管理业
769635,制造业
770077,制造业
770959,制造业
771199,制造业
771929,信息传输、软件和信息技术服务业
772095,制造业
772122,制造业
772303,房地产业
775156,房地产业
775336,制造业
776743,制造业
778508,制造业
778811,交通运输、仓储和邮政业
785839,制造业
786249,信息传输、软件和信息技术服务业
786769,制造业
788123,制造业
788942,信息传输、软件和信息技术服务业
789627,制造业
791395,交通运输、仓储和邮政业
791733,水利、环境和公共设施管理业
793822,制造业
795130,批发和零售业
795390,制造业
797107,制造业
800096,制造业
801584,建筑业
803645,制造业
804921,制造业
805017,电力、热力、燃气及水生产和供应业
805219,信息传输、软件和信息技术服务业
806696,制造业
808824,交通运输、仓储和邮政业
809623,制造业
809725,制造业
810276,制造业
811328,制造业
812418,建筑业
815431,制造业
816170,制造业
816758,制造业
816904,水利、环境和公共设施管理业
819058,制造业
819311,采矿业
819521,制造业
819629,制造业
820580,制造业
820979,制造业
821595,制造业
822450,制造业
822649,制造业
823133,制造业
824128,制造业
824415,批发和零售业
824674,制造业
824718,科学研究和技术服务业
825208,金融业
825566,批发和零售业
827382,交通运输、仓储和邮政业
829913,制造业
832141,信息传输、软件和信息技术服务业
832528,制造业
833314,制造业
836298,制造业
839772,批发和零售业
840422,制造业
847338,信息传输、软件和信息技术服务业
847845,建筑业
848311,制造业
850040,信息传输、软件和信息技术服务业
852075,制造业
852413,制造业
852752,制造业
855477,制造业
858101,制造业
858865,建筑业
859910,制造业
860172,金融业
862520,制造业
864250,制造业
866289,制造业
867049,租赁和商务服务业
867253,建筑业
870266,房地产业
870445,采矿业
870449,制造业
870520,科学研究和技术服务业
870706,制造业
871333,制造业
872160,文化、体育和娱乐业
874870,农、林、牧、渔业
875684,制造业
877492,农、林、牧、渔业
877559,制造业
878552,交通运输、仓储和邮政业
879903,制造业
881568,制造业
881871,制造业
883594,制造业
883693,制造业
884731,制造业
884903,房地产业
885565,房地产业
887179,制造业
887775,制造业
888015,制造业
890374,制造业
890391,制造业
891223,电力、热力、燃气及水生产和供应业
891966,制造业
893658,金融业
894365,制造业
894508,制造业
895082,制造业
895853,制造业
896206,制造业
897643,信息传输、软件和信息技术服务业
898057,信息传输、软件和信息技术服务业
898129,制造业
901368,金融业
901529,信息传输、软件和信息技术服务业
901645,制造业
902566,制造业
903243,交通运输、仓储和邮政业
904491,制造业
904971,制造业
905000,制造业
907017,制造业
907471,制造业
908477,制造业
910984,交通运输、仓储和邮政业
912713,制造业
913919,科学研究和技术服务业
914996,制造业
915987,房地产业
916100,制造业
917791,制造业
919302,制造业
920394,批发和零售业
921811,制造业
921930,信息传输、软件和信息技术服务业
922164,制造业
923620,制造业
929410,制造业
931345,制造业
932007,制造业
933562,水利、环境和公共设施管理业
935400,制造业
937751,制造业
937917,制造业
941552,制造业
941701,制造业
943290,制造业
947351,制造业
947442,制造业
948844,制造业
950844,文化、体育和娱乐业
950956,文化、体育和娱乐业
951416,制造业
951649,制造业
953647,电力、热力、燃气及水生产和供应业
954468,制造业
955844,制造业
956053,制造业
956355,制造业
959771,科学研究和技术服务业
962308,采矿业
962466,信息传输、软件和信息技术服务业
963190,信息传输、软件和信息技术服务业
964132,制造业
964290,制造业
964947,制造业
965153,制造业
966250,制造业
968384,制造业
971823,房地产业
973439,农、林、牧、渔业
974393,租赁和商务服务业
975021,制造业
975221,信息传输、软件和信息技术服务业
976608,制造业
978338,制造业
978729,建筑业
979406,制造业
981402,房地产业
981749,批发和零售业
982644,信息传输、软件和信息技术服务业
983072,制造业
984269,建筑业
985873,交通运输、仓储和邮政业
986020,制造业
987049,制造业
987176,制造业
987235,科学研究和技术服务业
988039,制造业
988571,制造业
989952,制造业
989984,交通运输、仓储和邮政业
990010,采矿业
991606,金融业
992630,制造业
993505,制造业
994519,房地产业
996153,金融业
996441,信息传输、软件和信息技术服务业
996504,批发和零售业
999241,制造业
999670,制造业
1001540,制造业
1003296,制造业
1003352,信息传输、软件和信息技术服务业
1003544,制造业
1003796,制造业
1004175,制造业
1004807,制造业
1005917,制造业
1006319,制造业
1006621,制造业
1006828,信息传输、软件和信息技术服务业
1006911,交通运输、仓储和邮政业
1007466,制造业
1007862,制造业
1008071,制造业
1009709,制造业
1010716,制造业
1010793,制造业
1012179,制造业
1016629,制造业
1017798,信息传输、软件和信息技术服务业
1018016,制造业
1020080,制造业
1021471,信息传输、软件和信息技术服务业
1023861,信息传输、软件和信息技术服务业
1024359,制造业
1025337,制造业
1026462,制造业
1026621,信息传输、软件和信息技术服务业
1026974,信息传输、软件和信息技术服务业
1027319,制造业
1032278,电力、热力、燃气及水生产和供应业
1036660,房地产业
1037205,制造业
1037368,信息传输、软件和信息技术服务业
1037528,制造业
1037678,批发和零售业
1037713,电力、热力、燃气及水生产和供应业
1038099,交通运输、仓储和邮政业
1038392,制造业
1039559,制造业
1040595,制造业
1040701,信息传输、软件和信息技术服务业
1040931,制造业
1042493,制造业
1044188,制造业
1044654,制造业
1046082,建筑业
1047033,制造业
1047928,制造业
1050124,制造业
1050999,批发和零售业
1052720,制造业
1052801,制造业
1053174,科学研究和技术服务业
1053713,制造业
1054323,信息传输、软件和信息技术服务业
1058314,制造业
1059063,交通运输、仓储和邮政业
1059375,交通运输、仓储和邮政业
1060623,制造业
1061660,电力、热力、燃气及水生产和供应业
1063358,批发和零售业
1065145,制造业
1069770,信息传输、软件和信息技术服务业
1070673,制造业
1071086,采矿业
1071504,制造业
1072097,电力、热力、燃气及水生产和供应业
1072558,交通运输、仓储和邮政业
1072740,制造业
1072815,制造业
1072831,金融业
1074171,制造业
1075034,制造业
1075839,制造业
1075938,制造业
1076615,农、林、牧、渔业
1077273,科学研究和技术服务业
1077278,制造业
1079790,制造业
1080231,采矿业
1080724,制造业
1082462,批发和零售业
1082613,制造业
1083660,采矿业
1084937,制造业
1087133,制造业
1093471,房地产业
1094620,制造业
1094703,金融业
1094931,文化、体育和娱乐业
1095268,房地产业
1095294,信息传输、软件和信息技术服务业
1098317,房地产业
1098405,信息传输、软件和信息技术服务业
1098579,租赁和商务服务业
1099034,制造业
1099213,制造业
1100441,制造业
1100543,制造业
1102339,制造业
1103553,制造业
1103604,制造业
1106172,制造业
1110565,制造业
1111131,制造业
1113729,制造业
1114489,制造业
1115066,信息传输、软件和信息技术服务业
1115572,建筑业
1117117,制造业
1117339,采矿业
1117490,制造业
1118496,制造业
1118620,文化、体育和娱乐业
1119489,采矿业
1120271,制造业
1120282,水利、环境和公共设施管理业
1122079,制造业
1126031,制造业
1126683,制造业
1127376,金融业
1129223,制造业
1129226,制造业
1129580,制造业
1132337,制造业
1133137,制造业
1133457,制造业
1133788,制造业
1134032,制造业
1135301,制造业
1135356,制造业
1135498,制造业
1135720,制造业
1136441,制造业
1136701,制造业
1138823,制造业
1139153,制造业
1141135,制造业
1144175,制造业
1144900,制造业
1145258,制造业
1146149,制造业
1146548,制造业
1148273,制造业
1148617,制造业
1148645,制造业
1149643,制造业
1152334,信息传输、软件和信息技术服务业
1153502,制造业
1159423,制造业
1159507,水利、环境和公共设施管理业
1162478,制造业
1162857,科学研究和技术服务业
1163120,制造业
1165233,制造业
1165331,制造业
1165728,制造业
1166435,制造业
1168609,批发和零售业
1170246,制造业
1171738,制造业
1175183,制造业
1175284,批发和零售业
1175425,制造业
1175646,制造业
1177581,制造业
1177803,制造业
1181162,制造业
1181732,信息传输、软件和信息技术服务业
1182264,信息传输、软件和信息技术服务业
1182674,制造业
1183145,制造业
1185637,制造业
1188084,制造业
1189312,信息传输、软件和信息技术服务业
1190591,制造业
1191544,信息传输、软件和信息技术服务业
1197150,文化、体育和娱乐业
1198326,建筑业
1198592,制造业
1200464,交通运输、仓储和邮政业
1201147,金融业
1203334,信息传输、软件和信息技术服务业
1204699,综合
1205206,制造业
1209362,租赁和商务服务业
1209871,房地产业
1210233,信息传输、软件和信息技术服务业
1210905,信息传输、软件和信息技术服务业
1213312,信息传输、软件和信息技术服务业
1215579,制造业
1215828,制造业
1217283,制造业
1217367,制造业
1217782,制造业
1220844,批发和零售业
1221035,文化、体育和娱乐业
1221364,电力、热力、燃气及水生产和供应业
1221599,制造业
1222606,制造业
1222972,制造业
1224462,制造业
1226859,信息传输、软件和信息技术服务业
1227673,信息传输、软件和信息技术服务业
1229930,建筑业
1230252,制造业
1230774,制造业
1231430,制造业
1233644,交通运输、仓储和邮政业
1233831,制造业
1234445,制造业
1235768,制造业
1235821,金融业
1236021,批发和零售业
1238437,制造业
1238882,制造业
1239850,交通运输、仓储和邮政业
1240222,批发和零售业
1241356,制造业
1241747,制造业
1242390,交通运输、仓储和邮政业
1243285,制造业
1244433,制造业
1246192,制造业
1246273,制造业
1247312,电力、热力、燃气及水生产和供应业
1247874,制造业
1248087,批发和零售业
1248223,制造业
1248563,信息传输、软件和信息技术服务业
1251220,制造业
1252905,房地产业
1253303,制造业
1253597,电力、热力、燃气及水生产和供应业
1253643,信息传输、软件和信息技术服务业
1254216,制造业
1255932,信息传输、软件和信息技术服务业
1257410,租赁和商务服务业
1257862,制造业
1260921,制造业
1260961,水利、环境和公共设施管理业
1261291,制造业
1261519,制造业
1263748,制造业
1264577,制造业
1265952,制造业
1267460,批发和零售业
1267577,制造业
1268752,制造业
1269286,批发和零售业
1269298,信息传输、软件和信息技术服务业
1271001,制造业
1273541,制造业
1274611,制造业
1275545,批发和零售业
1275881,制造业
1276642,制造业
1281129,制造业
1284949,制造业
1285756,金融业
1286799,制造业
1286992,制造业
1290527,制造业
1291552,交通运输、仓储和邮政业
1291629,制造业
1296971,制造业
1298379,制造业
1299232,制造业
1302024,信息传输、软件和信息技术服务业
1302215,电力、热力、燃气及水生产和供应业
1304725,制造业
1306784,制造业
1309291,制造业
1309763,制造业
1313257,制造业
1313450,信息传输、软件和信息技术服务业
1313796,制造业
1314031,制造业
1314777,制造业
1315962,电力、热力、燃气及水生产和供应业
1316517,住宿和餐饮业
1317092,制造业
1317989,制造业
1318433,金融业
1321043,制造业
1321412,金融业
1322761,制造业
1323524,水利、环境和公共设施管理业
1325300,信息传输、软件和信息技术服务业
1325335,制造业
1326403,制造业
1326532,制造业
1328536,制造业
1328820,制造业
1329484,制造业
1329529,制造业
1329889,制造业
1331316,制造业
1332441,制造业
1336105,制造业
1336271,制造业
1339220,制造业
1339816,制造业
1343104,制造业
1345499,采矿业
1346405,制造业
1347287,制造业
1350121,制造业
1355578,建筑业
1357539,制造业
1357748,采矿业
1359300,建筑业
1359820,批发和零售业
1360598,制造业
1362836,租赁和商务服务业
1364085,制造业
1369477,制造业
1369729,制造业
1369946,制造业
1370698,制造业
1370722,制造业
1370914,制造业
1371037,电力、热力、燃气及水生产和供应业
1371332,制造业
1372675,信息传输、软件和信息技术服务业
1373516,制造业
1373528,科学研究和技术服务业
1374221,制造业
1375631,制造业
1375828,金融业
1379943,信息传输、软件和信息技术服务业
1381078,制造业
1381794,制造业
1382682,制造业
1382824,批发和零售业
1383011,制造业
1384482,制造业
1384818,批发和零售业
1385133,制造业
1388319,信息传输、软件和信息技术服务业
1389871,采矿业
1392170,制造业
1394025,制造业
1394196,制造业
1396843,制造业
1396887,制造业
1397175,制造业
1399179,房地产业
1400162,住宿和餐饮业
1400325,制造业
1401020,制造业
1402241,采矿业
1404749,电力、热力、燃气及水生产和供应业
1405472,制造业
1405719,制造业
1405974,制造业
1406066,制造业
1407770,制造业
1408989,制造业
1409661,制造业
1409775,制造业
1410714,交通运输、仓储和邮政业
1410751,制造业
1412052,信息传输、软件和信息技术服务业
1412354,制造业
1412588,制造业
1414020,制造业
1414918,制造业
1416629,制造业
1419092,科学研究和技术服务业
1419894,制造业
1421414,制造业
1422615,制造业
1423335,制造业
1424700,信息传输、软件和信息技术服务业
1424811,建筑业
1425107,制造业
1425109,制造业
1428508,制造业
1429291,文化、体育和娱乐业
1429559,制造业
1430413,制造业
1430872,制造业
1431266,信息传输、软件和信息技术服务业
1432271,制造业
1432553,制造业
1433120,信息传输、软件和信息技术服务业
1434141,制造业
1440299,制造业
1441266,制造业
1442390,租赁和商务服务业
1442730,制造业
1443643,制造业
1444042,制造业
1445244,制造业
1446834,租赁和商务服务业
1449104,制造业
1450014,建筑业
1451018,制造业
1452457,制造业
1452516,批发和零售业
1452732,制造业
1455201,金融业
1458321,制造业
1458385,制造业
1461600,制造业
1462289,制造业
1463106,制造业
1464553,科学研究和技术服务业
1465027,电力、热力、燃气及水生产和供应业
1465391,制造业
1465628,制造业
1466008,房地产业
1468966,制造业
1469850,制造业
1469867,文化、体育和娱乐业
1471422,农、林、牧、渔业
1471805,制造业
1471977,信息传输、软件和信息技术服务业
1473418,租赁和商务服务业
1475529,制造业
1475852,制造业
1479284,信息传输、软件和信息技术服务业
1480050,电力、热力、燃气及水生产和供应业
1481416,制造业
1481607,制造业
1483398,制造业
1484603,制造业
1485226,制造业
1486913,房地产业
1487845,制造业
1488195,制造业
1488375,水利、环境和公共设施管理业
1488897,采矿业
1490049,建筑业
1493613,制造业
1494380,制造业
1495294,制造业
1497298,制造业
1498321,制造业
1498540,制造业
1499870,制造业
1500159,制造业
1500277,批发和零售业
1501693,信息传输、软件和信息技术服务业
1503619,制造业
1503941,卫生和社会工作
1504051,房地产业
1504580,文化、体育和娱乐业
1505342,制造业
1506160,制造业
1508169,制造业
1508508,制造业
1508932,制造业
1509538,电力、热力、燃气及水生产和供应业
1512805,制造业
1513188,制造业
1513417,批发和零售业
1514775,金融业
1515867,信息传输、软件和信息技术服务业
1516761,建筑业
1516817,制造业
1518135,制造业
1518200,制造业
1518609,制造业
1521701,制造业
1522092,制造业
1522220,信息传输、软件和信息技术服务业
1522645,房地产业
1523869,采矿业
1524537,制造业
1524574,信息传输、软件和信息技术服务业
1525496,信息传输、软件和信息技术服务业
1527075,制造业
1527270,建筑业
1528483,制造业
1529383,制造业
1530498,制造业
1532203,制造业
1532773,制造业
1533276,制造业
1534091,制造业
1534363,制造业
1535818,建筑业
1536458,制造业
1537309,文化、体育和娱乐业
1537696,批发和零售业
1538933,租赁和商务服务业
1541908,制造业
1544724,批发和零售业
1545063,制造业
1545745,制造业
1548653,制造业
1552751,制造业
1552897,金融业
1553454,信息传输、软件和信息技术服务业
1555527,制造业
1556644,制造业
1556835,文化、体育和娱乐业
1563047,制造业
1563376,制造业
1565275,制造业
1566000,批发和零售业
1566120,制造业
1566550,制造业
1566620,制造业
1568226,信息传输、软件和信息技术服务业
1568911,制造业
1570175,制造业
1571202,制造业
1572140,制造业
1572154,制造业
1572385,制造业
1572946,制造业
1574678,制造业
1574980,制造业
1575339,制造业
1576843,信息传输、软件和信息技术服务业
1577895,房地产业
1578792,采矿业
1578921,制造业
1579084,信息传输、软件和信息技术服务业
1579944,制造业
1582283,制造业
1582480,制造业
1582790,制造业
1585892,信息传输、软件和信息技术服务业
1585974,电力、热力、燃气及水生产和供应业
1587942,制造业
1589400,信息传输、软件和信息技术服务业
1589788,制造业
1591753,制造业
1594622,制造业
1595485,制造业
1595636,批发和零售业
1596218,采矿业
1596642,制造业
1597448,制造业
1599197,综合
1603543,批发和零售业
1607329,房地产业
1608192,制造业
1610335,房地产业
1611152,制造业
1611494,采矿业
1612510,制造业
1612806,制造业
1613286,制造业
1613715,制造业
1616008,金融业
1616225,制造业
1616233,制造业
1616295,采矿业
1616565,制造业
1618780,制造业
1619516,科学研究和技术服务业
1619928,信息传输、软件和信息技术服务业
1620275,制造业
1620607,信息传输、软件和信息技术服务业
1621842,制造业
1623299,制造业
1624161,信息传输、软件和信息技术服务业
1624405,制造业
1625847,批发和零售业
1626621,制造业
1626855,电力、热力、燃气及水生产和供应业
1627401,制造业
1628824,制造业
1630337,制造业
1630575,信息传输、软件和信息技术服务业
1632688,制造业
1632855,综合
1633079,文化、体育和娱乐业
1633628,制造业
1634387,制造业
1636995,制造业
1637302,制造业
1638609,水利、环境和公共设施管理业
1644007,制造业
1644358,房地产业
1644570,文化、体育和娱乐业
1644761,制造业
1645542,批发和零售业
1646496,制造业
1648512,制造业
1648986,金融业
1650241,制造业
1650911,制造业
1654161,制造业
1654165,制造业
1654460,房地产业
1654661,制造业
1656299,农、林、牧、渔业
1656705,制造业
1656791,文化、体育和娱乐业
1657555,制造业
1658586,制造业
1659674,文化、体育和娱乐业
1663264,信息传输、软件和信息技术服务业
1663579,制造业
1667487,农、林、牧、渔业
1667495,制造业
1667711,制造业
1667755,制造业
1668191,租赁和商务服务业
1669559,制造业
1670809,制造业
1673393,制造业
1675551,制造业
1676015,建筑业
1677269,制造业
1680024,制造业
1680083,制造业
1681538,制造业
1682358,制造业
1682405,电力、热力、燃气及水生产和供应业
1682715,信息传输、软件和信息技术服务业
1684072,制造业
1684109,科学研究和技术服务业
1686695,科学研究和技术服务业
1689193,制造业
1691703,信息传输、软件和信息技术服务业
1691886,批发和零售业
1691956,制造业
1693474,批发和零售业
1697616,信息传输、软件和信息技术服务业
1697666,制造业
1699370,制造业
1701579,批发和零售业
1702948,批发和零售业
1703650,制造业
1704141,交通运输、仓储和邮政业
1707093,制造业
1708633,电力、热力、燃气及水生产和供应业
1712684,制造业
1716932,金融业
1717145,制造业
1718839,建筑业
1720207,金融业
1721073,制造业
1721373,制造业
1722591,制造业
1722883,制造业
1725654,房地产业
1726235,制造业
1726484,信息传输、软件和信息技术服务业
1727223,科学研究和技术服务业
1729365,制造业
1731244,批发和零售业
1732715,科学研究和技术服务业
1732933,建筑业
1733796,制造业
1734508,房地产业
1735029,制造业
1735219,制造业
1737653,制造业
1741317,制造业
1742897,批发和零售业
1743061,制造业
1750857,制造业
1750941,房地产业
1753293,批发和零售业
1754629,制造业
1756674,制造业
1757700,批发和零售业
1759297,制造业
1759376,建筑业
1759434,制造业
1760451,采矿业
1764517,电力、热力、燃气及水生产和供应业
1768803,制造业
1770166,信息传输、软件和信息技术服务业
1770303,房地产业
1770927,制造业
1771521,制造业
1776211,批发和零售业
1776409,房地产业
1781400,建筑业
1782031,制造业
1786298,制造业
1787928,制造业
1789413,制造业
1789553,租赁和商务服务业
1790666,制造业
1790705,交通运输、仓储和邮政业
1790706,水利、环境和公共设施管理业
1791323,制造业
1793434,交通运输、仓储和邮政业
1794373,制造业
1794808,制造业
1795625,制造业
1797359,制造业
1798131,制造业
1798741,制造业
1799649,制造业
1799808,制造业
1801564,采矿业
1802096,制造业
1802653,制造业
1804989,制造业
1805450,制造业
1806599,制造业
1808445,制造业
1810275,制造业
1810366,制造业
1811362,制造业
1812955,制造业
1817076,制造业
1818220,制造业
1818260,制造业
1818571,批发和零售业
1819932,制造业
1820265,制造业
1820481,农、林、牧、渔业
1821565,制造业
1822042,信息传输、软件和信息技术服务业
1823531,制造业
1823581,制造业
1824625,采矿业
1826866,金融业
1826967,制造业
1827220,制造业
1829015,制造业
1829017,制造业
1835470,制造业
1837722,制造业
1840338,制造业
1842025,建筑业
1843500,制造业
1844325,金融业
1850533,制造业
1851019,制造业
1851645,房地产业
1854376,制造业
1854599,制造业
1855531,制造业
1856192,制造业
1856393,批发和零售业
1857787,房地产业
1857999,金融业
1860131,制造业
1861716,制造业
1862745,制造业
1864075,信息传输、软件和信息技术服务业
1865766,制造业
1866538,电力、热力、燃气及水生产和供应业
1868818,批发和零售业
1868870,制造业
1870298,制造业
1870613,制造业
1873319,制造业
1874358,制造业
1874536,房地产业
1874999,制造业
1876786,制造业
1878137,制造业
1880467,制造业
1882387,卫生和社会工作
1883061,制造业
1883699,制造业
1884324,制造业
1885111,批发和零售业
1885796,制造业
1886750,综合
1887598,制造业
1888086,电力、热力、燃气及水生产和供应业
1891798,制造业
1891959,制造业
1892808,建筑业
1893831,科学研究和技术服务业
1894032,制造业
1894048,科学研究和技术服务业
1894228,制造业
1895084,卫生和社会工作
1895994,制造业
1896420,制造业
1896850,制造业
1898333,制造业
1898974,制造业
1905052,制造业
1906956,制造业
1907820,文化、体育和娱乐业
1908458,信息传输、软件和信息技术服务业
1908690,制造业
1909517,采矿业
1910210,制造业
1910488,制造业
1911422,制造业
1911937,批发和零售业
1913163,制造业
1913749,制造业
1914698,建筑业
1915230,制造业
1917077,制造业
1917131,制造业
1917418,制造业
1919224,金融业
1922317,农、林、牧、渔业
1924449,制造业
1928116,制造业
1929744,制造业
1933283,电力、热力、燃气及水生产和供应业
1933289,水利、环境和公共设施管理业
1934882,制造业
1935361,信息传输、软件和信息技术服务业
1936514,信息传输、软件和信息技术服务业
1938875,制造业
1941126,科学研究和技术服务业
1941135,房地产业
1942117,信息传输、软件和信息技术服务业
1942400,制造业
1944988,水利、环境和公共设施管理业
1950052,信息传输、软件和信息技术服务业
1950120,制造业
1951732,建筑业
1953221,房地产业
1962853,信息传输、软件和信息技术服务业
1963781,制造业
1963976,房地产业
1965256,农、林、牧、渔业
1965832,制造业
1968470,制造业
1969676,制造业
1970382,交通运输、仓储和邮政业
1971998,制造业
1972047,制造业
1972230,电力、热力、燃气及水生产和供应业
1974008,制造业
1975301,制造业
1975707,制造业
1976303,信息传输、软件和信息技术服务业
1976530,制造业
1977406,制造业
1980492,采矿业
1981475,制造业
1982047,制造业
1982994,制造业
1983739,制造业
1984414,租赁和商务服务业
1986566,制造业
1989901,制造业
1990388,制造业
1991737,制造业
1993579,制造业
1994368,制造业
1995193,金融业
1997525,制造业
1998081,制造业
1999544,制造业
2002134,制造业
2002215,制造业
2002891,制造业
2005368,制造业
2008005,制造业
2008397,制造业
2010841,文化、体育和娱乐业
2011661,制造业
2012862,制造业
2012999,文化、体育和娱乐业
2013553,制造业
2014905,水利、环境和公共设施管理业
2017246,制造业
2017649,制造业
2017677,金融业
2019566,制造业
2020681,制造业
2020971,采矿业
2024615,制造业
2025259,制造业
2026837,制造业
2029225,建筑业
2031617,信息传输、软件和信息技术服务业
2033776,建筑业
2034931,制造业
2035791,制造业
2040251,制造业
2040254,文化、体育和娱乐业
2041073,制造业
2042348,信息传输、软件和信息技术服务业
2043333,制造业
2045515,制造业
2046826,制造业
2048042,金融业
2049023,交通运输、仓储和邮政业
2051208,制造业
2052308,信息传输、软件和信息技术服务业
2056772,制造业
2056978,制造业
2057247,制造业
2057976,信息传输、软件和信息技术服务业
2060104,信息传输、软件和信息技术服务业
2060997,制造业
2061605,信息传输、软件和信息技术服务业
2063498,批发和零售业
2069367,制造业
2070248,信息传输、软件和信息技术服务业
2070474,制造业
2070940,金融业
2071418,交通运输、仓储和邮政业
2072188,制造业
2073105,信息传输、软件和信息技术服务业
2073945,制造业
2073996,制造业
2075006,制造业
2077217,制造业
2077218,采矿业
2077309,制造业
2079674,批发和零售业
2080577,文化、体育和娱乐业
2080655,租赁和商务服务业
2081779,制造业
2081941,信息传输、软件和信息技术服务业
2085185,科学研究和技术服务业
2090156,制造业
2091066,制造业
2091113,金融业
2091677,制造业
2092214,制造业
2094263,制造业
2095669,信息传输、软件和信息技术服务业
2095989,制造业
2097016,水利、环境和公共设施管理业
2097459,信息传输、软件和信息技术服务业
2098319,制造业
2098788,制造业
2099780,制造业
2100279,农、林、牧、渔业
2101546,制造业
2102183,制造业
2103062,信息传输、软件和信息技术服务业
2103191,制造业
2103587,制造业
2104433,制造业
2105295,制造业
2106304,制造业
2107543,制造业
2111801,制造业
2112284,制造业
2113648,制造业
2114004,建筑业
2114254,制造业
2115779,制造业
2116942,制造业
2117675,制造业
2117863,制造业
2118365,制造业
2119629,制造业
2120499,制造业
2120772,制造业
2121534,制造业
2122744,制造业
2122802,科学研究和技术服务业
2125388,制造业
2125440,建筑业
2129587,制造业
2130311,批发和零售业
2131737,水利、环境和公共设施管理业
2133570,文化、体育和娱乐业
2134524,信息传输、软件和信息技术服务业
2135452,制造业
2136960,制造业
2137564,制造业
2140081,制造业
2141212,制造业
2141369,房地产业
2142403,文化、体育和娱乐业
2143791,制造业
2143850,制造业
2144193,制造业
2147203,水利、环境和公共设施管理业
2148234,制造业
2148940,制造业
2149006,制造业
2149045,制造业
2151056,建筑业
2155107,房地产业
2156774,交通运输、仓储和邮政业
2157880,制造业
2159171,制造业
2160070,制造业
2160147,制造业
2160401,制造业
2161968,批发和零售业
2162154,制造业
2163283,电力、热力、燃气及水生产和供应业
2165033,制造业
2165071,制造业
2165700,科学研究和技术服务业
2166469,电力、热力、燃气及水生产和供应业
2166972,制造业
2167473,制造业
2168450,制造业
2168768,房地产业
2169342,制造业
2170636,制造业
2171975,房地产业
2172483,信息传输、软件和信息技术服务业
2173560,信息传输、软件和信息技术服务业
2173568,制造业
2174818,制造业
2175557,制造业
2175616,批发和零售业
2176533,批发和零售业
2178858,制造业
2180481,制造业
2181926,信息传输、软件和信息技术服务业
2182396,制造业
2183203,信息传输、软件和信息技术服务业
2183551,制造业
2185630,批发和零售业
2185700,制造业
2187996,交通运输、仓储和邮政业
2188013,制造业
2189558,制造业
2191969,制造业
2192248,制造业
2193234,制造业
2196988,制造业
2197151,批发和零售业
2199418,制造业
2200752,水利、环境和公共设施管理业
2201583,制造业
2201835,制造业
2203886,制造业
2204742,制造业
2207678,制造业
2208285,制造业
2209807,金融业
2211301,制造业
2212347,制造业
2213558,批发和零售业
2213764,批发和零售业
2213912,制造业
2214474,制造业
2215165,制造业
2215508,信息传输、软件和信息技术服务业
2216125,制造业
2217174,制造业
2218007,制造业
2218098,电力、热力、燃气及水生产和供应业
2218121,建筑业
2218726,制造业
2219887,制造业
2220298,制造业
2221034,交通运输、仓储和邮政业
2221349,采矿业
2221530,制造业
2223088,制造业
2225865,制造业
2230330,制造业
2233158,制造业
2235544,交通运输、仓储和邮政业
2238213,制造业
2239503,制造业
2241117,制造业
2241211,制造业
2241438,制造业
2241616,电力、热力、燃气及水生产和供应业
2241846,交通运输、仓储和邮政业
2242139,制造业
2242469,制造业
2242597,制造业
2244751,制造业
2244863,制造业
2245691,制造业
2245829,金融业
2246134,采矿业
2246210,制造业
2246642,制造业
2250856,制造业
2250948,批发和零售业
2252548,制造业
2253706,电力、热力、燃气及水生产和供应业
2254090,制造业
2254187,制造业
2257304,制造业
2259444,制造业
2261519,信息传输、软件和信息技术服务业
2262772,制造业
2265453,制造业
2265735,制造业
2266761,制造业
2267190,制造业
2268406,制造业
2272780,信息传输、软件和信息技术服务业
2273524,制造业
2273828,信息传输、软件和信息技术服务业
2276115,信息传输、软件和信息技术服务业
2277183,金融业
2278038,科学研究和技术服务业
2278661,制造业
2279720,制造业
2282337,制造业
2282757,制造业
2282829,制造业
2282940,制造业
2284030,制造业
2284525,制造业
2284531,信息传输、软件和信息技术服务业
2285062,采矿业
2285893,电力、热力、燃气及水生产和供应业
2286826,制造业
2291668,批发和零售业
2291954,制造业
2294861,制造业
2298161,水利、环境和公共设施管理业
2299141,制造业
2299220,制造业
2299459,制造业
2303318,批发和零售业
2303840,租赁和商务服务业
2305160,住宿和餐饮业
2308131,租赁和商务服务业
2309101,制造业
2311367,租赁和商务服务业
2312291,建筑业
2312478,信息传输、软件和信息技术服务业
2312751,制造业
2313379,批发和零售业
2313521,制造业
2313574,水利、环境和公共设施管理业
2314169,信息传输、软件和信息技术服务业
2316008,文化、体育和娱乐业
2316422,科学研究和技术服务业
2318006,制造业
2319492,批发和零售业
2321812,制造业
2323008,制造业
2323441,制造业
2323612,制造业
2324702,建筑业
2330333,制造业
2332077,信息传输、软件和信息技术服务业
2337116,金融业
2337802,制造业
2337954,信息传输、软件和信息技术服务业
2338362,制造业
2339115,信息传输、软件和信息技术服务业
2339479,制造业
2340104,制造业
2341062,制造业
2341416,制造业
2343903,制造业
2344580,信息传输、软件和信息技术服务业
2347419,制造业
2349310,制造业
2350036,制造业
2352722,信息传输、软件和信息技术服务业
2353662,交通运输、仓储和邮政业
2354043,制造业
2355249,制造业
2357255,制造业
2360789,制造业
2363841,制造业
2364212,制造业
2364664,制造业
2365348,租赁和商务服务业
2367204,制造业
2369908,制造业
2371659,制造业
2374556,制造业
2376155,制造业
2376428,房地产业
2376442,电力、热力、燃气及水生产和供应业
2377903,文化、体育和娱乐业
2379742,批发和零售业
2382820,制造业
2383853,制造业
2384725,交通运输、仓储和邮政业
2385128,制造业
2385377,制造业
2389851,制造业
2391741,制造业
2393520,建筑业
2393686,信息传输、软件和信息技术服务业
2396884,制造业
2399045,制造业
2399070,科学研究和技术服务业
2399295,制造业
2400238,批发和零售业
2401311,制造业
2401531,信息传输、软件和信息技术服务业
2402604,采矿业
2405322,制造业
2412919,制造业
2414729,制造业
2416850,制造业
2417596,批发和零售业
2418627,批发和零售业
2418653,制造业
2421122,房地产业
2426654,制造业
2427457,信息传输、软件和信息技术服务业
2430107,信息传输、软件和信息技术服务业
2432167,制造业
2432517,制造业
2433076,交通运输、仓储和邮政业
2433853,制造业
2434911,制造业
2435254,制造业
2435283,水利、环境和公共设施管理业
2435904,制造业
2436184,制造业
2436571,制造业
2436668,电力、热力、燃气及水生产和供应业
2436688,制造业
2437163,信息传输、软件和信息技术服务业
2437211,制造业
2437684,批发和零售业
2440502,制造业
2442440,制造业
2444790,制造业
2445197,制造业
2447186,制造业
2448098,制造业
2448214,建筑业
2449879,制造业
2450420,制造业
2450989,制造业
2453608,制造业
2453719,制造业
2455060,制造业
2456492,制造业
2459804,制造业
2461327,农、林、牧、渔业
2463980,制造业
2464178,制造业
2470916,交通运输、仓储和邮政业
2471653,信息传输、软件和信息技术服务业
2472371,交通运输、仓储和邮政业
2472932,制造业
2474292,制造业
2478923,制造业
2479457,文化、体育和娱乐业
2481742,批发和零售业
2483005,制造业
2485450,制造业
2485850,制造业
2486565,信息传输、软件和信息技术服务业
2486706,批发和零售业
2488211,信息传输、软件和信息技术服务业
2488420,制造业
2488739,制造业
2490724,电力、热力、燃气及水生产和供应业
2492138,制造业
2497957,电力、热力、燃气及水生产和供应业
2498629,制造业
2500113,制造业
2501783,制造业
2502640,制造业
2502654,制造业
2502747,制造业
2503202,制造业
2503243,制造业
2503842,制造业
2504802,制造业
2505911,科学研究和技术服务业
2509549,批发和零售业
2510294,批发和零售业
2510332,制造业
2510568,制造业
2511658,制造业
2513551,制造业
2514095,信息传输、软件和信息技术服务业
2516103,制造业
2517417,制造业
2521069,制造业
2521125,制造业
2527742,制造业
2529516,制造业
2531178,制造业
2533755,制造业
2534587,采矿业
2535005,制造业
2536315,采矿业
2537314,制造业
2538007,信息传输、软件和信息技术服务业
2541333,制造业
2542677,制造业
2542695,制造业
2542906,水利、环境和公共设施管理业
2543380,电力、热力、燃气及水生产和供应业
2544142,制造业
2544523,制造业
2547890,制造业
2548378,水利、环境和公共设施管理业
2549731,制造业
2552053,交通运输、仓储和邮政业
2553705,制造业
2554395,制造业
2557517,制造业
2557687,信息传输、软件和信息技术服务业
2558428,金融业
2558544,金融业
2563078,制造业
2564537,交通运输、仓储和邮政业
2564968,制造业
2567508,制造业
2567956,制造业
2569278,制造业
2569719,制造业
2569921,信息传输、软件和信息技术服务业
2571447,制造业
2571976,制造业
2572371,制造业
2572768,制造业
2572845,信息传输、软件和信息技术服务业
2572928,制造业
2574856,信息传输、软件和信息技术服务业
2577640,科学研究和技术服务业
2577777,制造业
2578224,制造业
2578516,信息传输、软件和信息技术服务业
2582736,水利、环境和公共设施管理业
2584006,制造业
2584103,文化、体育和娱乐业
2584388,农、林、牧、渔业
2584499,综合
2585034,电力、热力、燃气及水生产和供应业
2585048,制造业
2589473,制造业
2590191,制造业
2590472,信息传输、软件和信息技术服务业
2593355,制造业
2593800,制造业
2594308,文化、体育和娱乐业
2594605,租赁和商务服务业
2595225,制造业
2595988,建筑业
2598373,制造业
2600765,科学研究和技术服务业
2603195,批发和零售业
2604207,信息传输、软件和信息技术服务业
2604208,制造业
2606132,制造业
2606286,制造业
2606320,制造业
2608063,金融业
2608641,制造业
2611171,金融业
2611472,制造业
2611741,制造业
2614124,农、林、牧、渔业
2614353,采矿业
2615523,制造业
2615634,制造业
2617206,制造业
2619091,建筑业
2622480,金融业
2623104,制造业
2624291,制造业
2625107,制造业
2625217,金融业
2626001,房地产业
2626870,制造业
2628024,电力、热力、燃气及水生产和供应业
2629766,信息传输、软件和信息技术服务业
2630093,文化、体育和娱乐业
2631311,电力、热力、燃气及水生产和供应业
2633527,房地产业
2634733,制造业
2635071,信息传输、软件和信息技术服务业
2635334,信息传输、软件和信息技术服务业
2639485,建筑业
2640939,信息传输、软件和信息技术服务业
2640965,电力、热力、燃气及水生产和供应业
2640985,批发和零售业
2641163,制造业
2643320,制造业
2644676,制造业
2644699,电力、热力、燃气及水生产和供应业
2644841,制造业
2649230,制造业
2649485,制造业
2650368,制造业
2650796,制造业
2650910,制造业
2651580,制造业
2653002,制造业
2653117,制造业
2654294,制造业
2656200,制造业
2656670,制造业
2657564,制造业
2659712,建筑业
2660544,制造业
2662475,制造业
2662985,制造业
2664702,制造业
2665107,农、林、牧、渔业
2665239,农、林、牧、渔业
2665725,制造业
2666796,制造业
2669993,房地产业
2670976,制造业
2671967,制造业
2672494,信息传输、软件和信息技术服务业
2673314,交通运输、仓储和邮政业
2673612,制造业
2673644,制造业
2673748,制造业
2673896,房地产业
2674558,制造业
2675963,制造业
2676611,制造业
2677901,制造业
2678069,制造业
2678691,信息传输、软件和信息技术服务业
2678819,制造业
2680085,制造业
2680698,制造业
2681945,制造业
2682553,批发和零售业
2684055,房地产业
2684172,制造业
2689367,电力、热力、燃气及水生产和供应业
2694201,信息传输、软件和信息技术服务业
2694256,制造业
2696442,制造业
2699629,租赁和商务服务业
2703225,制造业
2704109,制造业
2704134,信息传输、软件和信息技术服务业
2704345,科学研究和技术服务业
2705538,制造业
2705618,电力、热力、燃气及水生产和供应业
2706123,制造业
2706709,制造业
2712830,制造业
2713266,制造业
2717007,信息传输、软件和信息技术服务业
2717444,制造业
2719750,制造业
2720198,制造业
2720616,制造业
2722826,水利、环境和公共设施管理业
2724230,综合
2726883,制造业
2727203,制造业
2727652,制造业
2728146,科学研究和技术服务业
2729166,制造业
2730037,制造业
2730764,批发和零售业
2731086,信息传输、软件和信息技术服务业
2731130,制造业
2731785,制造业
2732360,信息传输、软件和信息技术服务业
2732587,制造业
2733720,制造业
2736463,制造业
2736593,制造业
2736655,信息传输、软件和信息技术服务业
2738990,制造业
2739226,制造业
2739675,批发和零售业
2741396,制造业
2742347,制造业
2742364,采矿业
2742741,建筑业
2743486,交通运输、仓储和邮政业
2744036,制造业
2744044,制造业
2744139,制造业
2745140,制造业
2745216,电力、热力、燃气及水生产和供应业
2747835,科学研究和技术服务业
2748477,批发和零售业
2749677,制造业
2749796,批发和零售业
2749833,制造业
2749960,制造业
2754600,制造业
2755359,制造业
2756197,采矿业
2757064,制造业
2757255,建筑业
2759588,批发和零售业
2761144,制造业
2764335,制造业
2765388,制造业
2766738,制造业
2769232,电力、热力、燃气及水生产和供应业
2771034,制造业
2773054,制造业
2773450,制造业
2775104,制造业
2775417,制造业
2777010,制造业
2781102,交通运输、仓储和邮政业
2781868,制造业
2786381,建筑业
2790290,制造业
2790453,科学研究和技术服务业
2790878,信息传输、软件和信息技术服务业
2792275,制造业
2793027,采矿业
2794445,电力、热力、燃气及水生产和供应业
2794894,制造业
2795168,制造业
2795783,制造业
2796516,水利、环境和公共设施管理业
2796741,租赁和商务服务业
2797410,制造业
2798174,制造业
2799071,电力、热力、燃气及水生产和供应业
2801960,制造业
2803799,建筑业
2803873,制造业
2806448,制造业
2806733,信息传输、软件和信息技术服务业
2810167,制造业
2811617,制造业
2811840,房地产业
2812321,制造业
2812981,农、林、牧、渔业
2813990,制造业
2814749,水利、环境和公共设施管理业
2815285,综合
2816927,信息传输、软件和信息技术服务业
2818207,制造业
2818685,制造业
2818936,科学研究和技术服务业
2819669,教育
2822619,批发和零售业
2823180,制造业
2826195,制造业
2826859,信息传输、软件和信息技术服务业
2827412,制造业
2828717,金融业
2829042,租赁和商务服务业
2829669,批发和零售业
2830168,制造业
2831249,制造业
2833572,建筑业
2833735,制造业
2837421,制造业
2838489,制造业
2839154,制造业
2839167,采矿业
2839428,制造业
2839457,文化、体育和娱乐业
2839762,制造业
2840050,制造业
2841464,制造业
2842049,信息传输、软件和信息技术服务业
2842108,制造业
2842793,信息传输、软件和信息技术服务业
2843139,农、林、牧、渔业
2844622,农、林、牧、渔业
2845168,制造业
2847211,制造业
2847618,制造业
2848224,房地产业
2848498,制造业
2849337,信息传输、软件和信息技术服务业
2850112,制造业
2850127,制造业
2852827,制造业
2855027,批发和零售业
2855085,制造业
2855179,制造业
2855686,制造业
2856451,建筑业
2856759,金融业
2858413,制造业
2859773,制造业
2859900,制造业
2860184,制造业
2864996,农、林、牧、渔业
2867041,水利、环境和公共设施管理业
2867738,制造业
2867875,制造业
2871029,批发和零售业
2871609,制造业
2873110,制造业
2874607,制造业
2874624,制造业
2875488,金融业
2878912,制造业
2879666,房地产业
2881859,制造业
2882422,制造业
2882729,制造业
2882958,制造业
2883650,制造业
2884420,制造业
2885584,制造业
2885666,制造业
2887603,制造业
2888935,制造业
2891595,租赁和商务服务业
2892094,金融业
2892989,制造业
2893562,建筑业
2894195,制造业
2894708,制造业
2895524,信息传输、软件和信息技术服务业
2897105,制造业
2898375,制造业
2907188,制造业
2908155,水利、环境和公共设施管理业
2908599,建筑业
2909065,制造业
2911715,制造业
2913710,制造业
2914996,制造业
2915377,租赁和商务服务业
2915613,制造业
2918873,水利、环境和公共设施管理业
2922546,租赁和商务服务业
2922845,批发和零售业
2923338,电力、热力、燃气及水生产和供应业
2925482,制造业
2930715,制造业
2933411,制造业
2934949,制造业
2935010,房地产业
2935520,制造业
2936114,制造业
2937838,交通运输、仓储和邮政业
2937953,制造业
2938961,信息传输、软件和信息技术服务业
2939275,信息传输、软件和信息技术服务业
2940269,科学研究和技术服务业
2941088,制造业
2941757,交通运输、仓储和邮政业
2944368,租赁和商务服务业
2945249,建筑业
2947653,信息传输、软件和信息技术服务业
2947873,制造业
2948620,制造业
2950206,制造业
2950324,租赁和商务服务业
2951351,制造业
2952705,水利、环境和公共设施管理业
2952803,批发和零售业
2953396,交通运输、仓储和邮政业
2953441,批发和零售业
2953662,制造业
2953909,租赁和商务服务业
2957572,制造业
2957845,制造业
2959829,制造业
2960347,房地产业
2961236,制造业
2962157,制造业
2962527,信息传输、软件和信息技术服务业
2965488,制造业
2965595,水利、环境和公共设施管理业
2966763,卫生和社会工作
2968103,制造业
2970288,制造业
2970686,制造业
2971337,制造业
2971708,采矿业
2972296,制造业
2973606,信息传输、软件和信息技术服务业
2974487,制造业
2974829,采矿业
2978700,制造业
2981339,信息传输、软件和信息技术服务业
2982808,制造业
2988101,制造业
2990893,制造业
2990894,制造业
2993304,制造业
2994143,采矿业
2995618,制造业
2997976,制造业
2998841,金融业
2999962,金融业
3000343,科学研究和技术服务业
3000533,科学研究和技术服务业
3000725,制造业
3003716,制造业
3004231,科学研究和技术服务业
3008718,制造业
3008909,制造业
3010580,制造业
3010648,信息传输、软件和信息技术服务业
3011138,信息传输、软件和信息技术服务业
3011698,制造业
3011841,制造业
3012696,制造业
3015427,制造业
3015571,建筑业
3015584,建筑业
3017262,租赁和商务服务业
3017801,制造业
3018406,房地产业
3020358,制造业
3021799,制造业
3021983,制造业
3022330,制造业
3022866,制造业
3025546,制造业
3026430,制造业
3027803,制造业
3027989,制造业
3028649,制造业
3033695,制造业
3033977,租赁和商务服务业
3034297,制造业
3035270,制造业
3036491,制造业
3037626,制造业
3038942,制造业
3040312,制造业
3042427,制造业
3042455,制造业
3043328,农、林、牧、渔业
3046781,制造业
3047280,制造业
3047988,制造业
3049019,制造业
3049602,电力、热力、燃气及水生产和供应业
3050879,制造业
3052129,制造业
3053532,综合
3054550,制造业
3054799,制造业
3056128,制造业
3056350,制造业
3056391,采矿业
3058236,文化、体育和娱乐业
3058832,制造业
3059907,建筑业
3061690,批发和零售业
3062145,制造业
3064065,电力、热力、燃气及水生产和供应业
3064948,制造业
3065507,制造业
3065911,采矿业
3066737,制造业
3066783,制造业
3067052,制造业
3067463,制造业
3069015,制造业
3071918,采矿业
3071962,制造业
3074747,水利、环境和公共设施管理业
3074807,交通运输、仓储和邮政业
3075561,制造业
3075733,综合
3075745,制造业
3077090,制造业
3077251,制造业
3078378,采矿业
3078773,制造业
3080144,制造业
3081052,制造业
3081653,制造业
3083556,制造业
3084519,交通运输、仓储和邮政业
3085552,制造业
3085776,制造业
3086626,综合
3087276,制造业
3088284,建筑业
3088559,批发和零售业
3090475,房地产业
3090508,制造业
3091264,水利、环境和公共设施管理业
3094723,制造业
3097766,制造业
3097851,制造业
3098481,制造业
3099098,采矿业
3100263,交通运输、仓储和邮政业
3100412,制造业
3101335,制造业
3101961,制造业
3103359,制造业
3104979,制造业
3106449,制造业
3107752,金融业
3108566,制造业
3109241,制造业
3110158,制造业
3110270,制造业
3111859,制造业
3112180,制造业
3112209,制造业
3113545,制造业
3113925,制造业
3114107,房地产业
3115356,制造业
3115603,制造业
3115788,科学研究和技术服务业
3115892,制造业
3118629,制造业
3118775,教育
3119641,制造业
3120883,制造业
3120988,批发和零售业
3121416,信息传输、软件和信息技术服务业
3121955,制造业
3122352,制造业
3123622,制造业
3128230,房地产业
3128340,批发和零售业
3128480,信息传输、软件和信息技术服务业
3129020,制造业
3129556,批发和零售业
3130122,制造业
3130247,信息传输、软件和信息技术服务业
3131688,制造业
3132509,制造业
3135169,建筑业
3135522,制造业
3135575,制造业
3135816,制造业
3137668,信息传输、软件和信息技术服务业
3140030,交通运输、仓储和邮政业
3142648,信息传输、软件和信息技术服务业
3143510,租赁和商务服务业
3146392,制造业
3147949,制造业
3149106,制造业
3149638,制造业
3151278,制造业
3154643,信息传输、软件和信息技术服务业
3155837,房地产业
3156619,制造业
3158747,制造业
3159512,批发和零售业
3159960,制造业
3160054,制造业
3160561,制造业
3164095,制造业
3166114,制造业
3169501,制造业
3172359,制造业
3174326,租赁和商务服务业
3176303,信息传输、软件和信息技术服务业
3176679,制造业
3177888,综合
3181227,制造业
3182805,金融业
3184478,制造业
3186831,房地产业
3189133,制造业
3189773,信息传输、软件和信息技术服务业
3192052,制造业
3194036,制造业
3195475,制造业
3195649,制造业
3200115,制造业
3203748,制造业
3204650,制造业
3205897,制造业
3206198,租赁和商务服务业
3206383,电力、热力、燃气及水生产和供应业
3207451,制造业
3208224,批发和零售业
3208435,批发和零售业
3208562,制造业
3210316,制造业
3210757,制造业
3211371,制造业
3211638,制造业
3211931,住宿和餐饮业
3213851,制造业
3214052,制造业
3215171,制造业
3217869,制造业
3218263,制造业
3220178,信息传输、软件和信息技术服务业
3220876,制造业
3221259,制造业
3221399,制造业
3223020,制造业
3223702,信息传输、软件和信息技术服务业
3224833,制造业
3225153,制造业
3226814,制造业
3229295,批发和零售业
3229833,制造业
3231395,房地产业
3237558,信息传输、软件和信息技术服务业
3239870,信息传输、软件和信息技术服务业
3241048,信息传输、软件和信息技术服务业
3243599,制造业
3246840,信息传输、软件和信息技术服务业
3248102,制造业
3251387,电力、热力、燃气及水生产和供应业
3252336,交通运输、仓储和邮政业
3253885,制造业
3253887,制造业
3254462,电力、热力、燃气及水生产和供应业
3254864,制造业
3255450,制造业
3260758,制造业
3261456,制造业
3262635,文化、体育和娱乐业
3265599,制造业
3266788,水利、环境和公共设施管理业
3267372,制造业
3267677,制造业
3268286,制造业
3270388,制造业
3276265,信息传输、软件和信息技术服务业
3276718,制造业
3277491,制造业
3279001,房地产业
3280498,信息传输、软件和信息技术服务业
3285030,制造业
3286068,交通运输、仓储和邮政业
3287799,制造业
3288568,房地产业
3288731,制造业
3288841,制造业
3289065,制造业
3291675,制造业
3291714,交通运输、仓储和邮政业
3291893,制造业
3293218,科学研究和技术服务业
3294067,制造业
3294841,制造业
3295662,信息传输、软件和信息技术服务业
3300840,制造业
3301557,电力、热力、燃气及水生产和供应业
3304397,制造业
3307150,制造业
3307537,制造业
3308310,制造业
3308742,制造业
3310503,制造业
3313021,制造业
3314357,制造业
3315757,制造业
3316094,制造业
3318185,制造业
3318346,制造业
3319221,制造业
3321981,电力、热力、燃气及水生产和供应业
3322895,制造业
3324469,制造业
3325982,制造业
3326302,制造业
3326606,电力、热力、燃气及水生产和供应业
3327052,制造业
3327974,制造业
3328655,制造业
3329689,制造业
3330340,制造业
3331378,制造业
3332104,电力、热力、燃气及水生产和供应业
3334704,制造业
3334929,电力、热力、燃气及水生产和供应业
3335242,制造业
3336683,制造业
3337155,批发和零售业
3340535,制造业
3341453,电力、热力、燃气及水生产和供应业
3342777,制造业
3343794,制造业
3344042,租赁和商务服务业
3344750,制造业
3347127,文化、体育和娱乐业
3348151,电力、热力、燃气及水生产和供应业
3348662,金融业
3349592,制造业
3352332,信息传输、软件和信息技术服务业
3354181,信息传输、软件和信息技术服务业
3354964,制造业
3355150,制造业
3357773,制造业
3358904,制造业
3359085,制造业
3359277,水利、环境和公共设施管理业
3360110,房地产业
3362785,制造业
3363404,制造业
3363628,信息传输、软件和信息技术服务业
3365438,制造业
3365816,制造业
3365822,制造业
3368302,制造业
3369481,制造业
3372714,制造业
3373483,制造业
3374812,信息传输、软件和信息技术服务业
3375551,信息传输、软件和信息技术服务业
3378804,信息传输、软件和信息技术服务业
3379060,制造业
3379549,制造业
3379652,制造业
3381773,水利、环境和公共设施管理业
3381868,金融业
3382532,制造业
3387626,教育
3387909,制造业
3389413,采矿业
3390680,农、林、牧、渔业
3390765,制造业
3390937,信息传输、软件和信息技术服务业
3393008,科学研究和技术服务业
3394739,制造业
3394783,制造业
3395506,制造业
3396134,制造业
3396441,制造业
3397936,制造业
3399929,金融业
3400005,住宿和餐饮业
3403109,制造业
3405387,制造业
3405575,制造业
3410938,信息传输、软件和信息技术服务业
3411968,建筑业
3412883,制造业
3415798,制造业
3418025,制造业
3418224,制造业
3421842,信息传输、软件和信息技术服务业
3422917,制造业
3423394,电力、热力、燃气及水生产和供应业
3423826,制造业
3423888,制造业
3424430,制造业
3424441,制造业
3424900,制造业
3425150,制造业
3425757,制造业
3426980,制造业
3429624,制造业
3429805,制造业
3429869,信息传输、软件和信息技术服务业
3430635,制造业
3433369,批发和零售业
3435688,制造业
3437542,制造业
3437841,制造业
3440528,制造业
3440624,制造业
3441285,信息传输、软件和信息技术服务业
3442632,批发和零售业
3444357,制造业
3444868,制造业
3445220,电力、热力、燃气及水生产和供应业
3447608,批发和零售业
3449798,制造业
3451668,制造业
3452157,信息传输、软件和信息技术服务业
3452652,科学研究和技术服务业
3453883,建筑业
3456641,制造业
3458266,制造业
3458554,制造业
3458612,制造业
3458921,信息传输、软件和信息技术服务业
3459983,电力、热力、燃气及水生产和供应业
3460212,制造业
3461548,住宿和餐饮业
3461782,制造业
3463656,制造业
3463726,房地产业
3464166,制造业
3465069,制造业
3465817,金融业
3466563,制造业
3468727,建筑业
3469657,制造业
3473078,文化、体育和娱乐业
3474680,制造业
3478947,制造业
3479135,租赁和商务服务业
3479316,水利、环境和公共设施管理业
3481484,制造业
3483148,制造业
3485131,科学研究和技术服务业
3485392,金融业
3488598,房地产业
3496504,制造业
3496966,文化、体育和娱乐业
3497878,制造业
3497890,科学研究和技术服务业
3498464,租赁和商务服务业
3499755,电力、热力、燃气及水生产和供应业
3499832,信息传输、软件和信息技术服务业
3499906,制造业
3500898,制造业
3501451,制造业
3502902,建筑业
3505073,制造业
3505305,信息传输、软件和信息技术服务业
3506976,制造业
3507760,水利、环境和公共设施管理业
3508570,制造业
3509322,制造业
3511002,制造业
3511485,租赁和商务服务业
3513092,制造业
3514209,制造业
3516234,制造业
3517302,制造业
3517308,制造业
3518673,制造业
3520282,制造业
3520663,制造业
3521170,制造业
3521569,农、林、牧、渔业
3524021,金融业
3524829,制造业
3525122,制造业
3526063,制造业
3526329,制造业
3527209,信息传输、软件和信息技术服务业
3529691,制造业
3530157,制造业
3530822,金融业
3530987,制造业
3531787,批发和零售业
3532260,采矿业
3533787,金融业
3534126,房地产业
3536030,水利、环境和公共设施管理业
3536156,信息传输、软件和信息技术服务业
3536395,制造业
3536634,信息传输、软件和信息技术服务业
3537018,制造业
3537508,制造业
3538572,制造业
3539128,制造业
3539361,房地产业
3539553,制造业
3540235,交通运输、仓储和邮政业
3541336,制造业
3543509,制造业
3545762,交通运输、仓储和邮政业
3548044,制造业
3548762,制造业
3548947,制造业
3550397,制造业
3552926,制造业
3557551,制造业
3559162,制造业
3559374,水利、环境和公共设施管理业
3561934,制造业
3562381,制造业
3563206,制造业
3565648,制造业
3569394,卫生和社会工作
3570352,制造业
3570756,制造业
3571793,制造业
3572384,制造业
3573410,批发和零售业
3574027,批发和零售业
3578030,电力、热力、燃气及水生产和供应业
3578117,制造业
3580066,文化、体育和娱乐业
3582068,制造业
3583157,水利、环境和公共设施管理业
3583764,采矿业
3585550,制造业
3587014,制造业
3587150,交通运输、仓储和邮政业
3587270,制造业
3589157,制造业
3589809,制造业
3590413,制造业
3594311,制造业
3595366,制造业
3596878,制造业
3596996,建筑业
3598643,文化、体育和娱乐业
3599485,建筑业
3601904,制造业
3604147,批发和零售业
3605075,制造业
3605344,电力、热力、燃气及水生产和供应业
3609289,科学研究和技术服务业
3609793,信息传输、软件和信息技术服务业
3611148,制造业
3611621,制造业
3612127,制造业
3615475,制造业
3615925,制造业
3616147,电力、热力、燃气及水生产和供应业
3616255,金融业
3616385,制造业
3617040,批发和零售业
3618063,水利、环境和公共设施管理业
3619510,制造业
3619922,信息传输、软件和信息技术服务业
3622514,电力、热力、燃气及水生产和供应业
3623756,制造业
3627250,文化、体育和娱乐业
3630599,制造业
3632254,交通运输、仓储和邮政业
3637124,制造业
3640592,制造业
3640639,批发和零售业
3640933,信息传输、软件和信息技术服务业
3641479,制造业
3644236,制造业
3645524,制造业
3646332,制造业
3646698,制造业
3647025,金融业
3647900,制造业
3647905,制造业
3648311,交通运输、仓储和邮政业
3648322,卫生和社会工作
3648636,批发和零售业
3651690,房地产业
3653142,信息传输、软件和信息技术服务业
3653489,信息传输、软件和信息技术服务业
3658552,制造业
3660397,制造业
3660639,制造业
3661614,制造业
3662147,制造业
3665997,制造业
3669616,制造业
3669902,制造业
3673672,制造业
3674160,制造业
3675317,制造业
3676841,制造业
3679000,制造业
3680900,制造业
3682953,制造业
3683463,交通运输、仓储和邮政业
3683657,制造业
3683801,制造业
3683927,制造业
3686245,制造业
3686461,交通运输、仓储和邮政业
3687866,制造业
3689696,批发和零售业
3690347,金融业
3690439,制造业
3690837,制造业
3691642,制造业
3691767,制造业
3691837,制造业
3693858,制造业
3694734,电力、热力、燃气及水生产和供应业
3694739,文化、体育和娱乐业
3695289,制造业
3695809,制造业
3695853,交通运输、仓储和邮政业
3696453,交通运输、仓储和邮政业
3696856,制造业
3700382,批发和零售业
3706234,制造业
3709714,制造业
3716081,制造业
3716093,制造业
3716841,制造业
3718803,制造业
3719234,科学研究和技术服务业
3719746,采矿业
3721349,制造业
3721976,租赁和商务服务业
3725916,制造业
3728138,制造业
3728534,制造业
3728995,制造业
3729350,制造业
3732111,制造业
3732282,制造业
3734026,制造业
3737307,信息传输、软件和信息技术服务业
3737643,制造业
3739155,制造业
3739822,电力、热力、燃气及水生产和供应业
3740101,制造业
3740726,制造业
3743084,制造业
3746461,信息传输、软件和信息技术服务业
3747249,信息传输、软件和信息技术服务业
3750282,制造业
3752615,科学研究和技术服务业
3754459,制造业
3758652,交通运输、仓储和邮政业
3760139,制造业
3762075,水利、环境和公共设施管理业
3762426,制造业
3764445,制造业
3764455,制造业
3764714,房地产业
3765720,制造业
3766507,制造业
3768636,制造业
3769032,制造业
3770930,水利、环境和公共设施管理业
3778265,制造业
3778753,制造业
3779821,制造业
3783089,制造业
3783229,制造业
3785408,制造业
3789097,信息传输、软件和信息技术服务业
3794224,制造业
3795369,采矿业
3796888,制造业
3797399,信息传输、软件和信息技术服务业
3798754,租赁和商务服务业
3799423,信息传输、软件和信息技术服务业
3799466,批发和零售业
3799857,房地产业
3804179,农、林、牧、渔业
3804323,房地产业
3805930,制造业
3807263,制造业
3808225,制造业
3810059,制造业
3810766,卫生和社会工作
3812379,制造业
3813944,制造业
3814950,制造业
3815013,金融业
3815807,制造业
3816511,制造业
3816682,房地产业
3818672,信息传输、软件和信息技术服务业
3819164,制造业
3819183,制造业
3819610,制造业
3819631,电力、热力、燃气及水生产和供应业
3821317,建筑业
3822450,制造业
3823641,制造业
3824084,制造业
3824414,电力、热力、燃气及水生产和供应业
3826136,信息传输、软件和信息技术服务业
3826838,科学研究和技术服务业
3827071,制造业
3827670,制造业
3827926,制造业
3828728,制造业
3832530,制造业
3835191,制造业
3836516,制造业
3836723,制造业
3837777,制造业
3838184,制造业
3838975,综合
3839901,交通运输、仓储和邮政业
3842888,制造业
3845824,制造业
3846279,制造业
3848335,制造业
3849093,制造业
3850081,制造业
3850805,信息传输、软件和信息技术服务业
3852038,制造业
3852598,制造业
3852602,制造业
3855310,批发和零售业
3855449,文化、体育和娱乐业
3857935,制造业
3858320,批发和零售业
3858895,制造业
3861864,制造业
3864007,制造业
3864415,房地产业
3864884,建筑业
3865390,制造业
3866128,信息传输、软件和信息技术服务业
3866870,制造业
3868783,制造业
3868842,制造业
3869439,制造业
3872511,交通运输、仓储和邮政业
3872933,制造业
3873815,水利、环境和公共设施管理业
3879444,制造业
3880981,电力、热力、燃气及水生产和供应业
3882889,批发和零售业
3882899,电力、热力、燃气及水生产和供应业
3882975,制造业
3884409,信息传输、软件和信息技术服务业
3884668,信息传输、软件和信息技术服务业
3889707,建筑业
3895432,制造业
3896221,制造业
3896843,制造业
3903931,制造业
3906022,制造业
3907873,信息传输、软件和信息技术服务业
3910000,批发和零售业
3910370,制造业
3912841,制造业
3912940,制造业
3914715,制造业
3916009,制造业
3917433,房地产业
3918162,制造业
3919522,制造业
3922895,电力、热力、燃气及水生产和供应业
3922974,交通运输、仓储和邮政业
3923342,制造业
3923399,制造业
3924261,电力、热力、燃气及水生产和供应业
3925449,制造业
3925532,制造业
3929078,制造业
3930019,文化、体育和娱乐业
3930383,制造业
3931035,制造业
3931079,房地产业
3932428,制造业
3935391,金融业
3936602,制造业
3938630,制造业
3939834,交通运输、仓储和邮政业
3940411,制造业
3942464,制造业
3942923,采矿业
3944909,制造业
3945658,租赁和商务服务业
3945667,金融业
3946194,制造业
3946582,制造业
3948327,制造业
3951418,制造业
3956031,制造业
3956194,批发和零售业
3956555,制造业
3958782,制造业
3958794,电力、热力、燃气及水生产和供应业
3959560,信息传输、软件和信息技术服务业
3959650,金融业
3961367,制造业
3963927,文化、体育和娱乐业
3964649,建筑业
3964961,租赁和商务服务业
3966049,农、林、牧、渔业
3967437,信息传输、软件和信息技术服务业
3968312,信息传输、软件和信息技术服务业
3968321,信息传输、软件和信息技术服务业
3968352,电力、热力、燃气及水生产和供应业
3968565,制造业
3970937,制造业
3972502,制造业
3972685,科学研究和技术服务业
3973471,房地产业
3975089,金融业
3975669,制造业
3977198,制造业
3977645,制造业
3978361,制造业
3979355,制造业
3980135,制造业
3980150,交通运输、仓储和邮政业
3980156,制造业
3983344,制造业
3984945,信息传输、软件和信息技术服务业
3987282,科学研究和技术服务业
3988837,批发和零售业
3992161,制造业
3993989,交通运输、仓储和邮政业
3994120,信息传输、软件和信息技术服务业
3994890,制造业
3997574,制造业
3997925,制造业
4001216,信息传输、软件和信息技术服务业
4002358,电力、热力、燃气及水生产和供应业
4004646,制造业
4007785,金融业
4008179,制造业
4008823,交通运输、仓储和邮政业
4008977,建筑业
4010665,制造业
4010710,制造业
4010953,建筑业
4010959,金融业
4014208,制造业
4018639,批发和零售业
4019149,制造业
4020297,制造业
4020660,采矿业
4021339,制造业
4022187,制造业
4024386,制造业
4029622,制造业
4030867,制造业
4031377,农、林、牧、渔业
4033396,制造业
4034913,制造业
4037077,制造业
4037110,金融业
4038219,建筑业
4039597,制造业
4040166,制造业
4041174,金融业
4041432,制造业
4041677,教育
4042666,制造业
4044404,制造业
4049572,科学研究和技术服务业
4050050,制造业
4050840,金融业
4054407,制造业
4054662,制造业
4056297,金融业
4057401,制造业
4058941,电力、热力、燃气及水生产和供应业
4062327,信息传输、软件和信息技术服务业
4065052,制造业
4065876,制造业
4066836,制造业
4072673,制造业
4074628,住宿和餐饮业
4074874,制造业
4075655,制造业
4077711,制造业
4077823,制造业
4078130,批发和零售业
4078913,制造业
4083994,制造业
4085799,制造业
4087185,制造业
4087395,制造业
4087559,制造业
4087749,电力、热力、燃气及水生产和供应业
4088348,金融业
4089079,批发和零售业
4089617,制造业
4090180,信息传输、软件和信息技术服务业
4091142,制造业
4092585,制造业
4095867,制造业
4098124,制造业
4098191,制造业
4099698,金融业
4100876,制造业
4102514,批发和零售业
4103768,制造业
4105715,制造业
4106218,制造业
4109573,制造业
4109964,电力、热力、燃气及水生产和供应业
4110715,制造业
4111468,水利、环境和公共设施管理业
4112415,制造业
4114268,信息传输、软件和信息技术服务业
4114563,制造业
4116283,制造业
4117272,教育
4118318,信息传输、软件和信息技术服务业
4120722,制造业
4121875,制造业
4123449,制造业
4124239,科学研究和技术服务业
4125816,制造业
4130837,制造业
4134336,房地产业
4135014,制造业
4135297,制造业
4135376,制造业
4135766,制造业
4136067,制造业
4138312,房地产业
4139831,信息传输、软件和信息技术服务业
4140449,制造业
4140595,制造业
4140734,制造业
4142576,制造业
4142579,批发和零售业
4145458,制造业
4147090,制造业
4147734,信息传输、软件和信息技术服务业
4149595,建筑业
4152775,批发和零售业
4155287,制造业
4156459,建筑业
4157869,制造业
4159157,制造业
4161524,制造业
4162291,制造业
4163535,交通运输、仓储和邮政业
4164351,制造业
4167552,制造业
4169058,信息传输、软件和信息技术服务业
4169594,制造业
4170086,教育
4173349,制造业
4174154,制造业
4175793,租赁和商务服务业
4178256,制造业
4179508,信息传输、软件和信息技术服务业
4180913,制造业
4181185,房地产业
4182212,制造业
4186082,制造业
4186778,制造业
4186839,制造业
4187334,批发和零售业
4191281,制造业
4192287,电力、热力、燃气及水生产和供应业
4192788,制造业
4196613,农、林、牧、渔业
4198575,批发和零售业
4200913,制造业
4201651,制造业
4202379,制造业
4204536,制造业
4205353,制造业
4208334,制造业
4208803,制造业
4210067,建筑业
4210356,制造业
4211486,制造业
4214318,文化、体育和娱乐业
4215401,批发和零售业
4217767,制造业
4218852,制造业
4221362,交通运输、仓储和邮政业
4222359,制造业
4225347,批发和零售业
4225547,制造业
4226151,采矿业
4226759,制造业
4226812,制造业
4227127,制造业
4227211,金融业
4227556,房地产业
4229984,房地产业
4231015,制造业
4233872,房地产业
4234683,信息传输、软件和信息技术服务业
4237084,批发和零售业
4237323,科学研究和技术服务业
4239040,制造业
4239770,制造业
4241742,信息传输、软件和信息技术服务业
4245257,信息传输、软件和信息技术服务业
4245500,信息传输、软件和信息技术服务业
4246823,信息传输、软件和信息技术服务业
4248255,制造业
4249685,制造业
4250178,制造业
4254155,交通运输、仓储和邮政业
4255503,采矿业
4258410,制造业
4259116,制造业
4259342,制造业
4260199,制造业
4260952,制造业
4261862,制造业
4262214,制造业
4263001,制造业
4264221,制造业
4265131,批发和零售业
4265385,制造业
4265896,制造业
4267744,金融业
4270560,制造业
4270592,制造业
4271484,制造业
4271562,制造业
4272413,制造业
4273218,交通运输、仓储和邮政业
4274085,房地产业
4275420,制造业
4276611,金融业
4277219,制造业
4279414,制造业
4281724,制造业
4282631,制造业
4284675,制造业
4285172,制造业
4286287,制造业
4287475,制造业
4288532,制造业
4289469,建筑业
4290571,制造业
4290778,制造业
4296394,批发和零售业
4297580,电力、热力、燃气及水生产和供应业
4297600,信息传输、软件和信息技术服务业
4297859,制造业
4298252,制造业
4298388,制造业
4298612,制造业
4299673,制造业
4300764,租赁和商务服务业
4300989,农、林、牧、渔业
4301345,制造业
4301415,制造业
4304617,电力、热力、燃气及水生产和供应业
4313396,制造业
4314899,制造业
4317223,制造业
4318116,制造业
4318804,制造业
4319458,批发和零售业
4320811,金融业
4321319,制造业
4321620,制造业
4322601,制造业
4324912,卫生和社会工作
4326192,制造业
4327222,水利、环境和公共设施管理业
4330281,信息传输、软件和信息技术服务业
4330337,制造业
4330412,制造业
4332587,制造业
4332893,房地产业
4335739,制造业
4336015,信息传输、软件和信息技术服务业
4336447,制造业
4337932,制造业
4338874,制造业
4339737,制造业
4341392,制造业
4342588,制造业
4344446,制造业
4344849,制造业
4345415,建筑业
4345862,房地产业
4347462,制造业
4352506,信息传输、软件和信息技术服务业
4354943,制造业
4356330,建筑业
4357417,信息传输、软件和信息技术服务业
4357833,金融业
4358655,信息传输、软件和信息技术服务业
4362511,制造业
4362849,制造业
4363380,制造业
4364599,制造业
4364660,电力、热力、燃气及水生产和供应业
4365512,制造业
4365972,制造业
4366977,水利、环境和公共设施管理业
4367525,电力、热力、燃气及水生产和供应业
4367568,卫生和社会工作
4370318,制造业
4375572,制造业
4376158,制造业
4382140,房地产业
4383826,制造业
4385315,制造业
4385480,金融业
4387065,制造业
4388517,信息传输、软件和信息技术服务业
4389570,制造业
4390993,制造业
4391931,制造业
4392340,制造业
4395814,制造业
4398314,金融业
4400194,制造业
4400909,制造业
4401007,制造业
4409568,制造业
4410592,信息传输、软件和信息技术服务业
4415670,制造业
4417243,制造业
4418107,制造业
4421719,制造业
4422658,制造业
4423449,房地产业
4425487,制造业
4426915,制造业
4427143,交通运输、仓储和邮政业
4428251,制造业
4428990,租赁和商务服务业
4429333,制造业
4429356,制造业
4431385,综合
4432826,房地产业
4433656,信息传输、软件和信息技术服务业
4435979,房地产业
4437847,信息传输、软件和信息技术服务业
4439428,制造业
4441346,制造业
4442582,房地产业
4444250,交通运输、仓储和邮政业
4445286,制造业
4445491,制造业
4445647,交通运输、仓储和邮政业
4445741,制造业
4446198,制造业
4448375,制造业
4448515,制造业
4450119,制造业
4451155,制造业
4451659,信息传输、软件和信息技术服务业
4452085,制造业
4452497,制造业
4452543,制造业
4452716,制造业
4453842,制造业
4454243,制造业
4454784,租赁和商务服务业
4455639,批发和零售业
4455691,信息传输、软件和信息技术服务业
4455960,制造业
4456301,制造业
4456365,信息传输、软件和信息技术服务业
4456759,制造业
4457036,制造业
4457389,交通运输、仓储和邮政业
4457516,制造业
4458043,制造业
4459127,制造业
4462224,制造业
4463928,批发和零售业
4464130,农、林、牧、渔业
4464602,制造业
4465809,制造业
4467430,制造业
4469066,制造业
4469110,交通运输、仓储和邮政业
4470564,制造业
4471087,制造业
4471107,制造业
4471792,信息传输、软件和信息技术服务业
4471823,批发和零售业
4474326,制造业
4474996,采矿业
4475502,制造业
4475853,制造业
4476059,制造业
4476136,制造业
4476394,制造业
4477840,电力、热力、燃气及水生产和供应业
4477958,交通运输、仓储和邮政业
4477992,制造业
4478282,制造业
4478905,信息传输、软件和信息技术服务业
4479025,制造业
4479986,制造业
4480980,采矿业
4481706,制造业
4483434,制造业
4484665,制造业
4486295,信息传输、软件和信息技术服务业
4487808,水利、环境和公共设施管理业
4488794,水利、环境和公共设施管理业
4488825,制造业
4489133,金融业
4490413,制造业
4493070,电力、热力、燃气及水生产和供应业
4494084,制造业
4494153,金融业
4495809,房地产业
4496074,制造业
4501161,农、林、牧、渔业
4502686,制造业
4506687,制造业
4507053,制造业
4510899,制造业
4512071,制造业
4513724,制造业
4514761,制造业
4515451,制造业
4516557,制造业
4517429,制造业
4517899,制造业
4520607,制造业
4520675,制造业
4520942,水利、环境和公共设施管理业
4521727,制造业
4527346,制造业
4528347,制造业
4529497,制造业
4530407,制造业
4530909,制造业
4531379,制造业
4534828,采矿业
4535521,制造业
4535820,租赁和商务服务业
4537000,制造业
4537251,制造业
4537462,信息传输、软件和信息技术服务业
4537567,制造业
4538652,制造业
4542815,制造业
4545177,制造业
4545875,制造业
4546270,卫生和社会工作
4547716,制造业
4548045,卫生和社会工作
4548256,水利、环境和公共设施管理业
4548709,批发和零售业
4549611,制造业
4552829,金融业
4553191,制造业
4554826,制造业
4555438,制造业
4558660,信息传输、软件和信息技术服务业
4561466,批发和零售业
4562930,制造业
4563123,制造业
4563832,制造业
4564086,金融业
4564250,批发和零售业
4564567,制造业
4564768,制造业
4564865,制造业
4567010,房地产业
4568230,文化、体育和娱乐业
4569042,制造业
4570827,交通运输、仓储和邮政业
4570965,文化、体育和娱乐业
4572224,文化、体育和娱乐业
4575456,水利、环境和公共设施管理业
4576283,制造业
4576292,制造业
4577013,制造业
4577519,金融业
4578047,制造业
4578053,建筑业
4578172,制造业
4578429,制造业
4579751,房地产业
4579918,交通运输、仓储和邮政业
4580203,交通运输、仓储和邮政业
4580624,制造业
4582173,制造业
4582432,居民服务、修理和其他服务业
4584432,制造业
4585742,制造业
4586424,制造业
4586470,租赁和商务服务业
4588414,制造业
4589100,制造业
4589232,制造业
4589754,金融业
4593073,制造业
4593225,制造业
4593800,制造业
4593951,批发和零售业
4594694,制造业
4596449,综合
4601114,制造业
4601830,制造业
4603211,制造业
4603925,批发和零售业
4607997,制造业
4611362,租赁和商务服务业
4614354,综合
4616010,制造业
4616636,制造业
4616937,电力、热力、燃气及水生产和供应业
4617280,制造业
4617424,制造业
4618480,制造业
4619071,信息传输、软件和信息技术服务业
4619187,制造业
4621005,制造业
4621112,信息传输、软件和信息技术服务业
4621907,信息传输、软件和信息技术服务业
4621970,制造业
4624748,电力、热力、燃气及水生产和供应业
4625347,制造业
4626139,制造业
4627290,制造业
4630580,水利、环境和公共设施管理业
4635354,制造业
4635708,制造业
4636282,制造业
4636588,制造业
4636700,制造业
4638024,制造业
4638326,文化、体育和娱乐业
4640362,制造业
4643751,制造业
4647549,交通运输、仓储和邮政业
4648243,交通运输、仓储和邮政业
4650061,制造业
4650126,制造业
4651738,电力、热力、燃气及水生产和供应业
4652336,制造业
4652939,制造业
4653879,制造业
4655116,制造业
4656098,采矿业
4659104,制造业
4660810,水利、环境和公共设施管理业
4661769,采矿业
4661966,信息传输、软件和信息技术服务业
4662569,制造业
4662982,制造业
4663150,制造业
4666939,交通运输、仓储和邮政业
4667156,制造业
4667742,制造业
4668285,制造业
4669213,采矿业
4669664,制造业
4671454,信息传输、软件和信息技术服务业
4673314,制造业
4674620,制造业
4675862,制造业
4676345,电力、热力、燃气及水生产和供应业
4677232,制造业
4677622,制造业
4678065,信息传输、软件和信息技术服务业
4678393,信息传输、软件和信息技术服务业
4680149,信息传输、软件和信息技术服务业
4680552,制造业
4684273,制造业
4685195,制造业
4687189,制造业
4687909,采矿业
4690399,文化、体育和娱乐业
4691196,制造业
4691956,制造业
4693849,交通运输、仓储和邮政业
4694271,制造业
4694403,制造业
4694503,制造业
4694921,制造业
4695619,制造业
4697763,制造业
4699901,制造业
4701386,制造业
4701536,采矿业
4705171,建筑业
4705757,制造业
4707241,制造业
4709520,制造业
4710457,批发和零售业
4710520,制造业
4710729,制造业
4713752,农、林、牧、渔业
4715728,制造业
4715729,制造业
4717496,制造业
4717649,制造业
4718480,制造业
4719109,制造业
4720778,制造业
4722207,制造业
4722594,房地产业
4723020,制造业
4723981,批发和零售业
4724002,制造业
4724087,制造业
4724372,科学研究和技术服务业
4725074,制造业
4727328,农、林、牧、渔业
4727801,制造业
4727846,制造业
4728764,制造业
4729322,制造业
4729479,批发和零售业
4731575,制造业
4732433,制造业
4733050,住宿和餐饮业
4733835,租赁和商务服务业
4734825,制造业
4734851,信息传输、软件和信息技术服务业
4734994,电力、热力、燃气及水生产和供应业
4735186,制造业
4735988,批发和零售业
4735999,制造业
4736790,制造业
4737213,制造业
4741128,制造业
4741279,制造业
4741756,电力、热力、燃气及水生产和供应业
4742979,金融业
4743074,制造业
4744014,租赁和商务服务业
4745287,教育
4746096,制造业
4749099,交通运输、仓储和邮政业
4753635,制造业
4755166,制造业
4755501,采矿业
4756720,信息传输、软件和信息技术服务业
4757038,制造业
4757681,制造业
4758209,制造业
4758658,采矿业
4763536,金融业
4765852,农、林、牧、渔业
4770101,制造业
4771385,制造业
4772233,制造业
4773317,制造业
4773872,制造业
4775424,制造业
4775806,制造业
4777173,制造业
4779923,制造业
4780052,制造业
4781977,制造业
4785950,制造业
4786358,批发和零售业
4786497,信息传输、软件和信息技术服务业
4787199,制造业
4787579,制造业
4789867,制造业
4794307,信息传输、软件和信息技术服务业
4794566,制造业
4795842,制造业
4797668,科学研究和技术服务业
4798307,制造业
4799920,信息传输、软件和信息技术服务业
4800496,制造业
4800652,信息传输、软件和信息技术服务业
4803187,制造业
4804293,制造业
4805524,制造业
4808278,制造业
4810622,制造业
4817090,制造业
4818019,制造业
4818192,信息传输、软件和信息技术服务业
4818904,制造业
4819734,制造业
4819764,采矿业
4821006,制造业
4821939,交通运输、仓储和邮政业
4822930,制造业
4823481,制造业
4823669,制造业
4824996,制造业
4825493,信息传输、软件和信息技术服务业
4826213,制造业
4828862,交通运输、仓储和邮政业
4829031,制造业
4830176,信息传输、软件和信息技术服务业
4830755,制造业
4832037,制造业
4832066,制造业
4833006,信息传输、软件和信息技术服务业
4833041,电力、热力、燃气及水生产和供应业
4835102,制造业
4836085,电力、热力、燃气及水生产和供应业
4836700,交通运输、仓储和邮政业
4837046,制造业
4837273,制造业
4838239,信息传输、软件和信息技术服务业
4838610,制造业
4838928,制造业
4839163,批发和零售业
4839278,制造业
4840667,信息传输、软件和信息技术服务业
4841553,制造业
4841554,制造业
4841735,房地产业
4846005,信息传输、软件和信息技术服务业
4849903,文化、体育和娱乐业
4850244,制造业
4852267,制造业
4853326,批发和零售业
4854651,制造业
4854776,制造业
4855947,水利、环境和公共设施管理业
4856140,房地产业
4857304,制造业
4858120,租赁和商务服务业
4859692,制造业
4861292,制造业
4861670,制造业
4862572,制造业
4863335,制造业
4864298,制造业
4868990,信息传输、软件和信息技术服务业
4871954,制造业
4877544,科学研究和技术服务业
4877731,制造业
4878006,农、林、牧、渔业
4879706,信息传输、软件和信息技术服务业
4882136,制造业
4882971,房地产业
4883506,制造业
4885400,科学研究和技术服务业
4885988,制造业
4887547,住宿和餐饮业
4889015,制造业
4889804,电力、热力、燃气及水生产和供应业
4890415,制造业
4890706,制造业
4891592,制造业
4893969,采矿业
4895003,制造业
4896424,金融业
4896726,制造业
4897311,制造业
4897511,信息传输、软件和信息技术服务业
4898392,制造业
4899088,制造业
4900057,制造业
4900925,制造业
4901757,房地产业
4901805,制造业
4901958,交通运输、仓储和邮政业
4904790,信息传输、软件和信息技术服务业
4905473,水利、环境和公共设施管理业
4910243,制造业
4911667,制造业
4913094,房地产业
4913098,制造业
4913299,制造业
4913664,制造业
4914418,制造业
4915590,批发和零售业
4916536,制造业
4917866,制造业
4918227,制造业
4918433,信息传输、软件和信息技术服务业
4918741,制造业
4919276,制造业
4919999,制造业
4921710,制造业
4923064,农、林、牧、渔业
4923268,交通运输、仓储和邮政业
4926154,房地产业
4926429,制造业
4927348,制造业
4929309,制造业
4930214,制造业
4930587,文化、体育和娱乐业
4932467,交通运输、仓储和邮政业
4933191,批发和零售业
4933549,信息传输、软件和信息技术服务业
4933850,制造业
4937086,制造业
4937364,信息传输、软件和信息技术服务业
4937640,制造业
4938803,金融业
4941663,制造业
4942421,电力、热力、燃气及水生产和供应业
4942908,制造业
4946014,信息传输、软件和信息技术服务业
4947058,制造业
4947245,制造业
4948869,制造业
4949661,制造业
4953174,制造业
4954020,信息传输、软件和信息技术服务业
4954992,租赁和商务服务业
4955017,制造业
4955100,制造业
4955770,制造业
4958289,制造业
4959888,制造业
4961319,制造业
4961537,制造业
4961541,制造业
4962126,信息传输、软件和信息技术服务业
4962538,制造业
4964597,制造业
4965228,信息传输、软件和信息技术服务业
4966495,租赁和商务服务业
4967040,建筑业
4968271,采矿业
4968467,水利、环境和公共设施管理业
4968617,制造业
4968740,制造业
4969341,信息传输、软件和信息技术服务业
4972481,制造业
4973917,制造业
4974017,制造业
4978437,房地产业
4978589,制造业
4978721,制造业
4978991,金融业
4979233,制造业
4981237,制造业
4981352,采矿业
4982623,制造业
4986359,电力、热力、燃气及水生产和供应业
4986535,制造业
4987872,批发和零售业
4990167,制造业
4990739,制造业
4990942,制造业
4992204,制造业
4992858,制造业
4993201,制造业
4993297,电力、热力、燃气及水生产和供应业
4997833,科学研究和技术服务业
4998808,制造业
4999709,制造业
